STATION,AVG_AM_VOL,AVG_MD_VOL,AVG_PM_VOL,AVG_EV_VOL,AVG_DY_VOL
-824,2190,7683,4151,3326,17350
-821,321,1059,583,396,2360
-820,11819,19378,15963,19447,66608
-819,14358,22126,17482,21099,75065
-818,18124,31182,19894,21492,90691
-816,23272,49799,14211,54151,141432
-815,8129,10124,8137,9532,35922
-814,2189,3083,2965,3390,11626
-812,29,119,59,66,273
-811,2195,6791,3607,5535,18127
-748,889,1626,1246,822,4583
-747,761,1426,1119,812,4117
-734,1439,3045,2178,2011,8672
-733,3734,11813,7338,9157,32042
-732,239,881,459,465,2044
-731,324,739,457,632,2152
-730,389,1906,942,531,3768
-729,1674,4611,2765,2693,11743
-728,1236,3207,2161,2070,8674
-727,514,1185,825,691,3215
-726,366,2055,1030,740,4190
-725,1226,2909,1967,1756,7858
-724,1183,2761,1846,1744,7534
-723,9699,23951,14878,16426,64954
-722,517,2196,1085,1456,5255
-721,1829,8649,4798,6350,21627
-720,1916,8783,4938,6639,22275
-718,9518,26206,14810,16654,67188
-717,2829,10642,5598,7986,27055
-716,3344,8582,5426,4790,22141
-715,1072,3112,1866,1487,7536
-714,1147,2561,1633,1477,6818
-713,1879,3824,2533,2359,10595
-712,1864,4137,2570,2499,11071
-711,9147,14192,8562,14170,46070
-704,2210,10482,5977,5285,23954
-703,4181,12974,7595,7212,31962
-702,6635,18240,10969,10864,46707
-682,4398,9303,6687,6689,27077
-681,1894,4266,2730,2969,11859
-680,11703,20603,12460,14248,59013
-679,3898,8355,5941,5925,24119
-678,9700,20433,13584,11717,55433
-677,10936,21398,15157,14252,61743
-676,2824,7245,5303,4757,20129
-675,4437,8426,5966,6295,25124
-674,42157,74471,51443,59268,227339
-673,35232,65809,45223,51532,197796
-672,35905,65613,44339,51552,197409
-671,42109,77693,52623,61274,233699
-670,41193,74407,50849,60586,227035
-669,36381,66275,46989,56059,205704
-668,27823,49358,36247,38901,152328
-667,29764,55048,40159,42968,167939
-665,27526,50517,36688,39489,154220
-664,0,0,0,107,107
-662,2460,4346,3325,3920,14051
-661,5758,12533,8645,8320,35256
-660,3428,7006,5718,5326,21478
-659,4937,13651,8826,13229,40643
-658,2275,11760,7215,7148,28397
-657,4220,6850,5377,6638,23085
-655,13791,26399,19320,20782,80292
-653,6009,14072,9263,9534,38878
-651,3882,8912,7022,8156,27971
-650,2677,5717,4521,4991,17907
-649,6226,13081,8585,11197,39090
-648,9285,16197,11021,14266,50769
-647,4637,12870,9098,8710,35315
-646,5987,12392,8467,10120,36967
-643,1686,4596,3228,3052,12561
-642,7596,17703,11881,12902,50081
-641,39369,73432,49340,59816,221957
-639,10029,20649,14295,16265,61238
-638,5340,13537,8304,10262,37443
-636,14607,21959,17721,17810,72098
-634,8132,9746,9577,10725,38180
-632,10083,18097,13339,14690,56210
-631,3871,8313,5618,6234,24036
-629,44559,85093,50664,65684,246000
-628,7489,11784,9667,10009,38950
-627,18142,24739,22022,24159,89062
-626,8788,14842,11006,13224,47859
-625,11418,14487,13124,12708,51737
-624,10124,12369,11527,10957,44977
-623,4792,13123,7602,7214,32732
-622,4122,9440,6048,6965,26576
-621,10615,26512,16121,18038,71286
-617,11136,21257,17619,15624,65636
-616,34361,59064,41513,45557,180495
-615,12108,16966,14578,16469,60120
-614,1212,4482,2191,3433,11319
-613,9332,20608,13602,16184,59725
-612,28032,51991,36378,40678,157079
-611,22502,41776,30481,33049,127808
-606,3537,8879,5549,3618,21583
-602,58,902,726,563,2248
-601,181,1056,823,871,2931
-513,2141,9005,5168,6927,23240
-512,70,280,153,110,613
-511,1260,2239,1771,1270,6540
-508,867,3093,1640,2003,7603
-507,2018,5666,3342,3668,14694
-504,161,707,363,295,1526
-503,896,2761,1608,1644,6908
-431,415,1157,656,652,2880
-430,70,256,127,127,579
-427,894,1698,1237,1247,5075
-425,2646,5222,3302,3091,14260
-421,1639,5527,3124,2801,13091
-420,605,2228,1166,1296,5294
-418,576,2611,1327,1561,6076
-416,563,1135,820,865,3384
-415,181,752,394,318,1645
-414,85,498,249,204,1036
-412,734,2459,1441,1282,5916
-411,310,1770,911,813,3804
-409,1574,4322,3124,3616,12637
-407,6649,8967,7424,7574,30614
-406,5436,10688,8302,7575,32001
-405,295,643,446,415,1799
-404,536,2588,1227,1474,5826
-403,1860,8714,4868,6587,22029
-402,5965,13481,8664,7599,35708
-401,3569,10942,6876,8669,30056
-400,5365,17478,9304,11170,43316
-382,367,1343,848,812,3370
-363,4547,9763,6976,6968,28254
-362,286,1016,529,376,2206
-354,4733,10348,7309,7379,29768
-353,28697,39858,36618,34610,139782
-351,24725,38258,30331,31014,124328
-350,5408,12504,8771,9238,35920
-349,8393,18365,12493,14629,53880
-348,23884,45518,33246,35765,138413
-341,28060,52120,35837,37605,153622
-340,16808,29266,20476,24738,91288
-335,5551,10781,8367,8154,32853
-333,6947,15601,10082,11566,44196
-332,9826,19170,12333,12306,53634
-329,4579,12313,8122,8283,33298
-327,5679,11875,8378,9942,35873
-325,3046,9746,6483,7001,26277
-324,402,1461,762,925,3549
-323,1009,3395,1865,2934,9204
-322,665,2309,1578,1179,5731
-321,323,602,481,496,1901
-320,1413,3334,2165,1767,8678
-319,4113,8138,6121,5304,23676
-317,530,1458,1126,660,3773
-315,30298,54705,37921,41225,164149
-314,997,3535,1846,2264,8642
-313,1577,7125,3886,5112,17700
-312,1659,4998,2799,3309,12765
-310,1587,4995,2905,3472,12960
-309,2109,6768,3664,5616,18157
-308,841,2397,1224,1333,5795
-306,37699,63411,44595,54730,200434
-305,640,1531,1035,899,4105
-304,276,1156,573,395,2401
-302,8876,20695,9751,43065,82387
-301,12656,23660,15970,14610,66897
