STATION,MATCHED_SEGID,FTCLASS,ATYPENAME,COUNTY_NAME,PERIOD,VEHICLE_TYPE,OBSERVED,MODELED,DIFF,PCT_DIFF
-638,0015_242.4,Freeway,Transition,Utah,AM,Auto,4125.684,6428.57282,2302.88882,0.558
-650,0006_159.8,Principal Arterial,Suburban,Utah,AM,Auto,2302.22,2498.214,195.99400000000014,0.085
-639,0015_248.8,Freeway,Suburban,Utah,AM,Auto,7901.8491,10387.831180000001,2485.9820800000007,0.315
-655,0015_253.6,Freeway,Rural,Utah,AM,Auto,11086.584900000002,13781.498870000001,2694.9139699999996,0.243
-653,0156_001.0,Principal Arterial,Urban,Utah,AM,Auto,5271.6957,6479.21142,1207.5157199999994,0.229
-646,0077_007.4,Principal Arterial,Suburban,Utah,AM,Auto,5427.2155,5609.6033,182.38779999999952,0.034
-664,0089_326.5,Principal Arterial,Suburban,Utah,AM,Auto,0.0,3459.9149700000003,3459.9149700000003,inf
-312,0006_181.6,Expressway,Rural,Utah,AM,Auto,1278.5912999999998,2527.8959999999997,1249.3047,0.977
-321,0006_146.9,Principal Arterial,Rural,Utah,AM,Auto,264.0202,279.30558,15.285380000000032,0.058
-327,0006_174.4,Expressway,Suburban,Utah,AM,Auto,4814.6562,6582.7431,1768.0868999999993,0.367
-349,0015_246.9,Freeway,Transition,Utah,AM,Auto,6545.7007,9019.15355,2473.4528500000006,0.378
-416,0089_297.1,Expressway,Rural,Utah,AM,Auto,469.542,641.0124,171.47039999999998,0.365
-611,0015_258.8,Freeway,Suburban,Utah,AM,Auto,18449.3898,23579.668080000003,5130.278280000002,0.278
-815,0080_104.3,Freeway,Transition,Salt Lake,AM,Auto,6612.9415,5251.0611499999995,-1361.8803500000004,-0.206
-348,0015_340.3,Freeway,Suburban,Weber,AM,Auto,19028.3828,20608.31857,1579.93577,0.083
-613,0015_357.6,Freeway,Rural,Box Elder,AM,Auto,6827.291200000001,8958.58832,2131.29712,0.312
-820,0154_006.8,Expressway,Suburban,Salt Lake,AM,Auto,9929.1419,10911.302810000001,982.1609100000005,0.099
-819,0154_008.3,Expressway,Urban,Salt Lake,AM,Auto,12136.8174,11400.053919999998,-736.7634800000014,-0.061
-657,2889_000.0,Minor Arterial,Suburban,Utah,AM,Auto,3522.434,4789.842479999999,1267.4084799999991,0.36
-626,0073_034.6,Principal Arterial,Transition,Utah,AM,Auto,6961.8536,8255.357759999999,1293.5041599999986,0.186
-631,0266_001.7,Principal Arterial,Urban,Salt Lake,AM,Auto,3172.2845,5590.137299999999,2417.852799999999,0.762
-636,0154_001.4,Freeway,Transition,Salt Lake,AM,Auto,11967.5151,14075.164350000001,2107.6492500000004,0.176
-680,0015_295.6,Freeway,Urban,Salt Lake,AM,Auto,9722.8524,37923.36144,28200.50904,2.9
-816,0015_299.0,Freeway,Urban,Salt Lake,AM,Auto,20495.650400000002,35922.69616000001,15427.045760000005,0.753
-648,0194_000.8,Expressway,Suburban,Utah,AM,Auto,7273.869,9037.06738,1763.1983800000007,0.242
-674,0015_283.9,Freeway,Urban,Utah,AM,Auto,36811.492399999996,41026.690760000005,4215.198360000009,0.115
-302,0015_289.8,Freeway,Urban,Salt Lake,AM,Auto,7468.2663999999995,39676.13286,32207.866459999997,4.313
-662,2878_004.4,Minor Arterial,Suburban,Utah,AM,Auto,1927.164,3373.2420599999996,1446.0780599999996,0.75
-673,0015_279.6,Freeway,Suburban,Utah,AM,Auto,30243.148800000003,33519.40408,3276.2552799999976,0.108
-675,0092_002.4,Freeway,Transition,Utah,AM,Auto,4086.9207,4127.9096500000005,40.988950000000386,0.01
-676,0092_002.4,Freeway,Transition,Utah,AM,Auto,2601.1864,2348.06812,-253.11828000000014,-0.097
-818,0215_007.7,Freeway,Urban,Salt Lake,AM,Auto,15961.8068,17131.90482,1170.0980199999995,0.073
-632,0145_005.3,Expressway,Suburban,Utah,AM,Auto,8974.8783,9156.72573,181.8474299999998,0.02
-672,0015_278.5,Freeway,Urban,Utah,AM,Auto,30533.612,34764.86224,4231.250240000001,0.139
-658,0089_349.3,Principal Arterial,Urban,Utah,AM,Auto,1871.415,3388.7829600000005,1517.3679600000005,0.811
-335,0173_007.7,Minor Arterial,Urban,Salt Lake,AM,Auto,5124.6832,5048.5192,-76.16400000000067,-0.015
-351,0215_011.5,Freeway,Suburban,Salt Lake,AM,Auto,21154.71,25711.03668,4556.326680000002,0.215
-406,0071_015.7,Principal Arterial,Urban,Salt Lake,AM,Auto,4846.7375999999995,6043.79976,1197.0621600000004,0.247
-407,0068_038.1,Principal Arterial,Transition,Salt Lake,AM,Auto,5937.557,5719.039900000001,-218.51709999999912,-0.037
-617,0215_003.7,Freeway,Suburban,Salt Lake,AM,Auto,10111.488000000001,17310.2028,7198.714799999998,0.712
-317,0210_003.9,Principal Arterial,Transition,Salt Lake,AM,Auto,435.024,597.78864,162.76463999999999,0.374
-670,0015_272.7,Freeway,Suburban,Utah,AM,Auto,33860.646,36811.215000000004,2950.569000000003,0.087
-671,0015_272.7,Freeway,Suburban,Utah,AM,Auto,34613.598000000005,36811.215000000004,2197.6169999999984,0.063
-647,0089_344.0,Principal Arterial,Urban,Utah,AM,Auto,4198.8035,5934.375349999999,1735.5718499999994,0.413
-651,0114_005.0,Principal Arterial,Urban,Utah,AM,Auto,3541.5486,2759.98119,-781.5674100000001,-0.221
-641,0015_271.6,Freeway,Urban,Utah,AM,Auto,32109.3564,36145.10832,4035.751919999999,0.126
-669,0015_269.6,Freeway,Urban,Utah,AM,Auto,30283.544400000002,31865.021160000004,1581.4767600000014,0.052
-642,0052_001.0,Principal Arterial,Urban,Utah,AM,Auto,6325.9488,6220.43304,-105.51576000000023,-0.017
-306,0015_267.0,Freeway,Suburban,Utah,AM,Auto,32112.0082,27677.79294,-4434.215260000001,-0.138
-668,0015_264.2,Freeway,Suburban,Utah,AM,Auto,23226.6404,24428.91936,1202.2789599999996,0.052
-649,0114_000.0,Principal Arterial,Urban,Utah,AM,Auto,5920.3034,7175.6815799999995,1255.3781799999997,0.212
-661,0052_003.1,Principal Arterial,Urban,Utah,AM,Auto,4420.4166000000005,3219.50349,-1200.9131100000004,-0.272
-659,0189_002.7,Principal Arterial,Urban,Utah,AM,Auto,4199.4122,7090.346420000001,2890.934220000001,0.688
-667,0015_261.8,Freeway,Rural,Utah,AM,Auto,24879.7276,29700.3629,4820.635300000002,0.194
-665,0015_260.0,Freeway,Transition,Utah,AM,Auto,22788.7754,27044.51256,4255.737160000001,0.187
-660,0089_329.8,Minor Arterial,Suburban,Utah,AM,Auto,3088.628,5015.6868,1927.0588000000002,0.624
-319,0189_013.1,Expressway,Rural,Utah,AM,Auto,2658.2318999999998,1949.8871,-708.3447999999999,-0.266
-322,0190_001.8,Minor Arterial,Transition,Salt Lake,AM,Auto,572.698,395.72139999999996,-176.97660000000002,-0.309
-350,0189_004.0,Expressway,Suburban,Utah,AM,Auto,5072.704,5275.5934,202.88940000000002,0.04
-354,0171_008.8,Principal Arterial,Urban,Salt Lake,AM,Auto,4159.8337,8106.270480000001,3946.436780000001,0.949
-629,0015_303.4,Freeway,Urban,Salt Lake,AM,Auto,40633.3521,35868.03627,-4765.31583,-0.117
-353,0215_017.5,Freeway,Urban,Salt Lake,AM,Auto,25919.130400000002,31456.37864,5537.248239999997,0.214
-341,0080_123.2,Freeway,Suburban,Salt Lake,AM,Auto,24426.230000000003,28012.515900000002,3586.285899999999,0.147
-301,0080_128.7,Freeway,Rural,Salt Lake,AM,Auto,10265.281599999998,12265.37309,2000.0914900000007,0.195
-333,0071_021.2,Principal Arterial,Urban,Salt Lake,AM,Auto,6660.7836,9422.70288,2761.919280000001,0.415
-677,0080_136.1,Freeway,Rural,Salt Lake,AM,Auto,8538.8288,11613.15072,3074.3219200000003,0.36
-325,0089_377.3,Principal Arterial,Urban,Salt Lake,AM,Auto,2726.4746,6626.33579,3899.86119,1.43
-332,0186_006.0,Principal Arterial,Suburban,Salt Lake,AM,Auto,8424.812399999999,9607.081259999999,1182.2688600000001,0.14
-340,0080_117.7,Freeway,Urban,Salt Lake,AM,Auto,14365.7976,15505.36911,1139.5715099999998,0.079
-409,2330_001.0,Minor Arterial,Urban,Salt Lake,AM,Auto,1338.8444,4765.0612,3426.2168,2.559
-628,0215_027.4,Freeway,Suburban,Davis,AM,Auto,6278.028700000001,6302.004080000001,23.97537999999986,0.004
-624,0067_000.0,Freeway,Suburban,Davis,AM,Auto,8501.1228,13069.76256,4568.63976,0.537
-315,0015_319.5,Freeway,Suburban,Davis,AM,Auto,26983.398800000003,26956.057380000002,-27.341420000000653,-0.001
-625,0067_010.1,Freeway,Suburban,Davis,AM,Auto,8808.987000000001,11721.63095,2912.6439499999997,0.331
-616,0015_313.7,Freeway,Urban,Davis,AM,Auto,28859.8039,28703.750479999995,-156.05342000000383,-0.005
-711,0154_020.0,Expressway,Urban,Salt Lake,AM,Auto,8584.4595,9973.90875,1389.4492499999997,0.162
-329,0089_412.4,Principal Arterial,Urban,Weber,AM,Auto,4123.8474,3707.7702,-416.0771999999997,-0.101
-612,0015_330.1,Freeway,Urban,Davis,AM,Auto,23630.976,23210.4876,-420.48839999999836,-0.018
-634,0085_015.5,Expressway,Suburban,Salt Lake,AM,Auto,6913.826400000001,8234.52708,1320.700679999999,0.191
-627,0154_012.9,Expressway,Suburban,Salt Lake,AM,Auto,15712.7862,12483.18591,-3229.6002900000003,-0.206
-643,2932_001.3,Collector,Transition,Utah,AM,Auto,1407.3042,1952.6971800000001,545.3929800000001,0.388
-601,0092_007.6,Collector,Transition,Utah,AM,Auto,163.0267,159.78418000000002,-3.2425199999999847,-0.02
-602,0092_018.8,Collector,Rural,Utah,AM,Auto,41.7368,44.2554,2.5185999999999993,0.06
-638,0015_242.4,Freeway,Transition,Utah,MD,Auto,10458.6862,10891.96028,433.27407999999923,0.041
-650,0006_159.8,Principal Arterial,Suburban,Utah,MD,Auto,4916.62,4509.41,-407.21000000000004,-0.083
-639,0015_248.8,Freeway,Suburban,Utah,MD,Auto,16269.3471,17649.669110000003,1380.3220100000017,0.085
-655,0015_253.6,Freeway,Rural,Utah,MD,Auto,21222.1561,22982.857880000003,1760.701780000003,0.083
-653,0156_001.0,Principal Arterial,Urban,Utah,MD,Auto,12345.3656,12074.80628,-270.5593199999985,-0.022
-646,0077_007.4,Principal Arterial,Suburban,Utah,MD,Auto,11233.348,11366.51285,133.1648499999992,0.012
-664,0089_326.5,Principal Arterial,Suburban,Utah,MD,Auto,0.0,6228.447929999999,6228.447929999999,inf
-312,0006_181.6,Expressway,Rural,Utah,MD,Auto,3851.9585999999995,4893.02016,1041.0615600000006,0.27
-321,0006_146.9,Principal Arterial,Rural,Utah,MD,Auto,492.0748,537.27702,45.20222000000001,0.092
-327,0006_174.4,Expressway,Suburban,Utah,MD,Auto,10067.625,12610.68588,2543.060880000001,0.253
-349,0015_246.9,Freeway,Transition,Utah,MD,Auto,14322.863500000001,15318.483839999999,995.6203399999977,0.07
-416,0089_297.1,Expressway,Rural,Utah,MD,Auto,946.5899999999999,1070.856,124.26600000000008,0.131
-611,0015_258.8,Freeway,Suburban,Utah,MD,Auto,34252.142400000004,41188.824360000006,6936.681960000002,0.203
-815,0080_104.3,Freeway,Transition,Salt Lake,MD,Auto,8235.874,6193.6636,-2042.2104,-0.248
-348,0015_340.3,Freeway,Suburban,Weber,MD,Auto,36264.1906,37453.90271,1189.7121100000004,0.033
-613,0015_357.6,Freeway,Rural,Box Elder,MD,Auto,15076.8128,15767.223720000002,690.4109200000021,0.046
-820,0154_006.8,Expressway,Suburban,Salt Lake,MD,Auto,16279.457800000002,20132.912490000002,3853.4546900000005,0.237
-819,0154_008.3,Expressway,Urban,Salt Lake,MD,Auto,18703.107799999998,21546.27435,2843.1665500000017,0.152
-657,2889_000.0,Minor Arterial,Suburban,Utah,MD,Auto,5717.695,9126.359390000001,3408.6643900000017,0.596
-626,0073_034.6,Principal Arterial,Transition,Utah,MD,Auto,11757.8324,14732.9395,2975.107100000001,0.253
-631,0266_001.7,Principal Arterial,Urban,Salt Lake,MD,Auto,6812.5035,10725.2882,3912.784700000001,0.574
-636,0154_001.4,Freeway,Transition,Salt Lake,MD,Auto,17991.008700000002,25845.88359,7854.874889999999,0.437
-680,0015_295.6,Freeway,Urban,Salt Lake,MD,Auto,17116.9724,69750.47864,52633.50624,3.075
-816,0015_299.0,Freeway,Urban,Salt Lake,MD,Auto,43857.9793,72725.82811,28867.848810000003,0.658
-648,0194_000.8,Expressway,Suburban,Utah,MD,Auto,12688.7298,17790.93566,5102.20586,0.402
-674,0015_283.9,Freeway,Urban,Utah,MD,Auto,65028.0772,77779.06752,12750.990319999997,0.196
-302,0015_289.8,Freeway,Urban,Salt Lake,MD,Auto,17412.772999999997,76448.17362,59035.40062,3.39
-662,2878_004.4,Minor Arterial,Suburban,Utah,MD,Auto,3404.6564,5971.2314799999995,2566.5750799999996,0.754
-673,0015_279.6,Freeway,Suburban,Utah,MD,Auto,56490.44560000001,64012.6048,7522.159199999995,0.133
-675,0092_002.4,Freeway,Transition,Utah,MD,Auto,7761.1886,8020.570360000001,259.3817600000002,0.033
-676,0092_002.4,Freeway,Transition,Utah,MD,Auto,6673.3695,4940.96462,-1732.40488,-0.26
-818,0215_007.7,Freeway,Urban,Salt Lake,MD,Auto,27461.9874,29979.55642,2517.569019999999,0.092
-632,0145_005.3,Expressway,Suburban,Utah,MD,Auto,16108.1397,17406.261540000003,1298.1218400000034,0.081
-672,0015_278.5,Freeway,Urban,Utah,MD,Auto,55797.2952,63695.47024000001,7898.175040000009,0.142
-658,0089_349.3,Principal Arterial,Urban,Utah,MD,Auto,9673.776,7300.65726,-2373.11874,-0.245
-335,0173_007.7,Minor Arterial,Urban,Salt Lake,MD,Auto,9953.0192,9888.30288,-64.71632000000136,-0.007
-351,0215_011.5,Freeway,Suburban,Salt Lake,MD,Auto,32733.5448,47696.19204,14962.647240000002,0.457
-406,0071_015.7,Principal Arterial,Urban,Salt Lake,MD,Auto,9529.4208,10361.90772,832.4869199999994,0.087
-407,0068_038.1,Principal Arterial,Transition,Salt Lake,MD,Auto,8007.531,9347.5668,1340.0358000000006,0.167
-617,0215_003.7,Freeway,Suburban,Salt Lake,MD,Auto,19301.356,25942.6496,6641.293600000001,0.344
-317,0210_003.9,Principal Arterial,Transition,Salt Lake,MD,Auto,1196.7264,1446.16752,249.44111999999996,0.208
-670,0015_272.7,Freeway,Suburban,Utah,MD,Auto,61162.554000000004,67083.91320000001,5921.359200000006,0.097
-671,0015_272.7,Freeway,Suburban,Utah,MD,Auto,63863.64600000001,67083.91320000001,3220.267200000002,0.05
-647,0089_344.0,Principal Arterial,Urban,Utah,MD,Auto,11653.785,9149.5342,-2504.2508,-0.215
-651,0114_005.0,Principal Arterial,Urban,Utah,MD,Auto,8130.4176,4780.360769999999,-3350.0568300000004,-0.412
-641,0015_271.6,Freeway,Urban,Utah,MD,Auto,59891.1392,65325.97136,5434.832160000005,0.091
-669,0015_269.6,Freeway,Urban,Utah,MD,Auto,55167.310000000005,58926.59488,3759.284879999992,0.068
-642,0052_001.0,Principal Arterial,Urban,Utah,MD,Auto,14743.0584,11663.44728,-3079.6111199999996,-0.209
-306,0015_267.0,Freeway,Suburban,Utah,MD,Auto,54013.4898,50405.09464,-3608.39516,-0.067
-668,0015_264.2,Freeway,Suburban,Utah,MD,Auto,41204.0584,43962.07064,2758.0122399999964,0.067
-649,0114_000.0,Principal Arterial,Urban,Utah,MD,Auto,12438.722899999999,13926.12068,1487.3977800000011,0.12
-661,0052_003.1,Principal Arterial,Urban,Utah,MD,Auto,9621.5841,5110.42536,-4511.15874,-0.469
-659,0189_002.7,Principal Arterial,Urban,Utah,MD,Auto,11611.5406,12411.5299,799.9892999999993,0.069
-667,0015_261.8,Freeway,Rural,Utah,MD,Auto,46014.6232,53036.43397,7021.810769999996,0.153
-665,0015_260.0,Freeway,Transition,Utah,MD,Auto,41823.0243,48650.88118,6827.856879999999,0.163
-660,0089_329.8,Minor Arterial,Suburban,Utah,MD,Auto,6312.406,7534.252100000001,1221.8461000000007,0.194
-319,0189_013.1,Expressway,Rural,Utah,MD,Auto,5259.5894,3371.8117300000004,-1887.7776699999995,-0.359
-322,0190_001.8,Minor Arterial,Transition,Salt Lake,MD,Auto,1988.5108,872.3094799999999,-1116.2013200000001,-0.561
-350,0189_004.0,Expressway,Suburban,Utah,MD,Auto,11728.751999999999,9077.6826,-2651.0693999999985,-0.226
-354,0171_008.8,Principal Arterial,Urban,Salt Lake,MD,Auto,9094.8572,14631.663530000002,5536.806330000001,0.609
-629,0015_303.4,Freeway,Urban,Salt Lake,MD,Auto,77596.3067,73226.11714,-4370.189559999999,-0.056
-353,0215_017.5,Freeway,Urban,Salt Lake,MD,Auto,35999.7456,56451.53544,20451.789839999998,0.568
-341,0080_123.2,Freeway,Suburban,Salt Lake,MD,Auto,45370.46,48420.43085,3049.970849999998,0.067
-301,0080_128.7,Freeway,Rural,Salt Lake,MD,Auto,19190.626,18716.781379999997,-473.8446200000035,-0.025
-333,0071_021.2,Principal Arterial,Urban,Salt Lake,MD,Auto,14958.2388,16115.79804,1157.5592400000005,0.077
-677,0080_136.1,Freeway,Rural,Salt Lake,MD,Auto,16707.558399999998,17488.51456,780.9561600000015,0.047
-325,0089_377.3,Principal Arterial,Urban,Salt Lake,MD,Auto,8723.6446,12979.8451,4256.200500000001,0.488
-332,0186_006.0,Principal Arterial,Suburban,Salt Lake,MD,Auto,16436.358,13571.012939999999,-2865.3450600000015,-0.174
-340,0080_117.7,Freeway,Urban,Salt Lake,MD,Auto,25013.6502,25043.13735,29.487150000000838,0.001
-409,2330_001.0,Minor Arterial,Urban,Salt Lake,MD,Auto,3676.2932,9437.577120000002,5761.283920000002,1.567
-628,0215_027.4,Freeway,Suburban,Davis,MD,Auto,9878.5272,11167.078130000002,1288.5509300000012,0.13
-624,0067_000.0,Freeway,Suburban,Davis,MD,Auto,10386.2493,25726.47669,15340.22739,1.477
-315,0015_319.5,Freeway,Suburban,Davis,MD,Auto,48720.273,51885.10916,3164.836159999999,0.065
-625,0067_010.1,Freeway,Suburban,Davis,MD,Auto,11176.720500000001,22532.737600000004,11356.017100000003,1.016
-616,0015_313.7,Freeway,Urban,Davis,MD,Auto,49607.8536,56662.08970999999,7054.236109999991,0.142
-711,0154_020.0,Expressway,Urban,Salt Lake,MD,Auto,13319.192000000001,17863.0336,4543.841599999998,0.341
-329,0089_412.4,Principal Arterial,Urban,Weber,MD,Auto,11089.0878,6709.379939999999,-4379.70786,-0.395
-612,0015_330.1,Freeway,Urban,Davis,MD,Auto,43828.413,45368.658299999996,1540.245299999995,0.035
-634,0085_015.5,Expressway,Suburban,Salt Lake,MD,Auto,8286.049200000001,15222.320880000003,6936.271680000002,0.837
-627,0154_012.9,Expressway,Suburban,Salt Lake,MD,Auto,21426.4479,23830.91472,2404.4668200000015,0.112
-643,2932_001.3,Collector,Transition,Utah,MD,Auto,3836.2812,3649.22493,-187.05627000000004,-0.049
-601,0092_007.6,Collector,Transition,Utah,MD,Auto,951.1392000000001,382.7975,-568.3417000000001,-0.598
-602,0092_018.8,Collector,Rural,Utah,MD,Auto,649.0792,51.95512,-597.12408,-0.92
-638,0015_242.4,Freeway,Transition,Utah,PM,Auto,6415.6704,7424.22244,1008.5520399999996,0.157
-650,0006_159.8,Principal Arterial,Suburban,Utah,PM,Auto,3888.06,2971.6440000000002,-916.4159999999997,-0.236
-639,0015_248.8,Freeway,Suburban,Utah,PM,Auto,11263.0305,11954.33396,691.3034599999992,0.061
-655,0015_253.6,Freeway,Rural,Utah,PM,Auto,15531.348000000002,15902.267460000003,370.919460000001,0.024
-653,0156_001.0,Principal Arterial,Urban,Utah,PM,Auto,8126.4299,7803.93442,-322.4954800000005,-0.04
-646,0077_007.4,Principal Arterial,Suburban,Utah,PM,Auto,7675.3355,7393.1420499999995,-282.19345000000067,-0.037
-664,0089_326.5,Principal Arterial,Suburban,Utah,PM,Auto,0.0,4333.7624,4333.7624,inf
-312,0006_181.6,Expressway,Rural,Utah,PM,Auto,2157.1893,2600.18766,442.99836000000005,0.205
-321,0006_146.9,Principal Arterial,Rural,Utah,PM,Auto,393.1694,309.7946,-83.3748,-0.212
-327,0006_174.4,Expressway,Suburban,Utah,PM,Auto,7102.8684,7808.83146,705.96306,0.099
-349,0015_246.9,Freeway,Transition,Utah,PM,Auto,9743.290700000001,10395.67705,652.3863499999989,0.067
-416,0089_297.1,Expressway,Rural,Utah,PM,Auto,683.88,704.1461999999999,20.266199999999913,0.03
-611,0015_258.8,Freeway,Suburban,Utah,PM,Auto,24991.371900000002,26108.731620000002,1117.3597200000004,0.045
-815,0080_104.3,Freeway,Transition,Salt Lake,PM,Auto,6619.4495,5872.8192,-746.6302999999998,-0.113
-348,0015_340.3,Freeway,Suburban,Weber,PM,Auto,26487.0882,23629.962659999997,-2857.125540000001,-0.108
-613,0015_357.6,Freeway,Rural,Box Elder,PM,Auto,9951.2232,9167.3138,-783.9094000000005,-0.079
-820,0154_006.8,Expressway,Suburban,Salt Lake,PM,Auto,13410.516300000001,12554.538410000001,-855.9778900000001,-0.064
-819,0154_008.3,Expressway,Urban,Salt Lake,PM,Auto,14777.534599999999,13444.242909999999,-1333.29169,-0.09
-657,2889_000.0,Minor Arterial,Suburban,Utah,PM,Auto,4488.1819,6024.94807,1536.7661700000008,0.342
-626,0073_034.6,Principal Arterial,Transition,Utah,PM,Auto,8718.9532,9857.66148,1138.7082800000007,0.131
-631,0266_001.7,Principal Arterial,Urban,Salt Lake,PM,Auto,4603.951,7034.66995,2430.7189500000004,0.528
-636,0154_001.4,Freeway,Transition,Salt Lake,PM,Auto,14518.8153,18156.91695,3638.1016499999987,0.251
-680,0015_295.6,Freeway,Urban,Salt Lake,PM,Auto,10351.768,40597.8728,30246.104799999997,2.922
-816,0015_299.0,Freeway,Urban,Salt Lake,PM,Auto,12515.627700000001,43419.74298,30904.11528,2.469
-648,0194_000.8,Expressway,Suburban,Utah,PM,Auto,8633.8514,10672.41488,2038.5634800000007,0.236
-674,0015_283.9,Freeway,Urban,Utah,PM,Auto,44920.0276,45640.06832,720.0407199999972,0.016
-302,0015_289.8,Freeway,Urban,Salt Lake,PM,Auto,8204.491399999999,44286.41587999999,36081.924479999994,4.398
-662,2878_004.4,Minor Arterial,Suburban,Utah,PM,Auto,2604.805,3925.7740799999997,1320.9690799999998,0.507
-673,0015_279.6,Freeway,Suburban,Utah,PM,Auto,38819.423200000005,37099.189600000005,-1720.2335999999996,-0.044
-675,0092_002.4,Freeway,Transition,Utah,PM,Auto,5495.2826000000005,4630.83025,-864.4523500000005,-0.157
-676,0092_002.4,Freeway,Transition,Utah,PM,Auto,4884.5933,3525.23392,-1359.3593800000003,-0.278
-818,0215_007.7,Freeway,Urban,Salt Lake,PM,Auto,17520.645800000002,21517.87889,3997.233089999998,0.228
-632,0145_005.3,Expressway,Suburban,Utah,PM,Auto,11873.0439,10931.40711,-941.6367900000005,-0.079
-672,0015_278.5,Freeway,Urban,Utah,PM,Auto,37705.8856,38559.94232,854.0567200000005,0.023
-658,0089_349.3,Principal Arterial,Urban,Utah,PM,Auto,5935.059,5045.17032,-889.88868,-0.15
-335,0173_007.7,Minor Arterial,Urban,Salt Lake,PM,Auto,7724.414400000001,7021.3976,-703.0168000000003,-0.091
-351,0215_011.5,Freeway,Suburban,Salt Lake,PM,Auto,25951.2036,31084.632480000004,5133.428880000003,0.198
-406,0071_015.7,Principal Arterial,Urban,Salt Lake,PM,Auto,7402.0632,7592.687279999999,190.6240799999996,0.026
-407,0068_038.1,Principal Arterial,Transition,Salt Lake,PM,Auto,6629.6320000000005,7291.2557,661.6236999999992,0.1
-617,0215_003.7,Freeway,Suburban,Salt Lake,PM,Auto,15998.052,20556.4844,4558.4324000000015,0.285
-317,0210_003.9,Principal Arterial,Transition,Salt Lake,PM,Auto,924.2207999999999,957.9556799999999,33.734879999999976,0.037
-670,0015_272.7,Freeway,Suburban,Utah,PM,Auto,41797.878000000004,40448.2362,-1349.6418000000049,-0.032
-671,0015_272.7,Freeway,Suburban,Utah,PM,Auto,43256.106,40448.2362,-2807.8698000000004,-0.065
-647,0089_344.0,Principal Arterial,Urban,Utah,PM,Auto,8238.239,7515.19725,-723.0417499999994,-0.088
-651,0114_005.0,Principal Arterial,Urban,Utah,PM,Auto,6406.1706,3845.61819,-2560.5524100000002,-0.4
-641,0015_271.6,Freeway,Urban,Utah,PM,Auto,40241.704,39578.865880000005,-662.8381199999931,-0.016
-669,0015_269.6,Freeway,Urban,Utah,PM,Auto,39113.6436,35272.950000000004,-3840.6935999999987,-0.098
-642,0052_001.0,Principal Arterial,Urban,Utah,PM,Auto,9894.496799999999,7646.10336,-2248.393439999999,-0.227
-306,0015_267.0,Freeway,Suburban,Utah,PM,Auto,37986.021,31414.46918,-6571.551820000001,-0.173
-668,0015_264.2,Freeway,Suburban,Utah,PM,Auto,30258.9956,27603.83072,-2655.1648799999966,-0.088
-649,0114_000.0,Principal Arterial,Urban,Utah,PM,Auto,8163.4765,8756.36265,592.8861499999994,0.073
-661,0052_003.1,Principal Arterial,Urban,Utah,PM,Auto,6636.766500000001,4063.20579,-2573.5607100000007,-0.388
-659,0189_002.7,Principal Arterial,Urban,Utah,PM,Auto,7507.3956,8277.44378,770.0481799999998,0.103
-667,0015_261.8,Freeway,Rural,Utah,PM,Auto,33568.9081,33452.63441,-116.2736900000018,-0.003
-665,0015_260.0,Freeway,Transition,Utah,PM,Auto,30373.995199999998,30528.48134,154.4861400000009,0.005
-660,0089_329.8,Minor Arterial,Suburban,Utah,PM,Auto,5151.918000000001,6147.4329,995.5148999999992,0.193
-319,0189_013.1,Expressway,Rural,Utah,PM,Auto,3956.0023,2219.52346,-1736.4788400000002,-0.439
-322,0190_001.8,Minor Arterial,Transition,Salt Lake,PM,Auto,1358.9736,546.862,-812.1116000000001,-0.598
-350,0189_004.0,Expressway,Suburban,Utah,PM,Auto,8227.198,7047.944399999999,-1179.253600000001,-0.143
-354,0171_008.8,Principal Arterial,Urban,Salt Lake,PM,Auto,6423.8801,10647.609830000001,4223.729730000001,0.658
-629,0015_303.4,Freeway,Urban,Salt Lake,PM,Auto,46200.501599999996,43328.107789999995,-2872.3938100000014,-0.062
-353,0215_017.5,Freeway,Urban,Salt Lake,PM,Auto,33073.3776,35773.22304,2699.8454399999973,0.082
-341,0080_123.2,Freeway,Suburban,Salt Lake,PM,Auto,31196.108500000002,32481.1406,1285.0320999999967,0.041
-301,0080_128.7,Freeway,Rural,Salt Lake,PM,Auto,12953.267,12725.753449999998,-227.5135500000015,-0.018
-333,0071_021.2,Principal Arterial,Urban,Salt Lake,PM,Auto,9666.6216,12089.9886,2423.367,0.251
-677,0080_136.1,Freeway,Rural,Salt Lake,PM,Auto,11834.585599999999,11979.8144,145.22880000000077,0.012
-325,0089_377.3,Principal Arterial,Urban,Salt Lake,PM,Auto,5802.9333,8278.242839999999,2475.3095399999993,0.427
-332,0186_006.0,Principal Arterial,Suburban,Salt Lake,PM,Auto,10574.314199999999,11767.12908,1192.8148800000017,0.113
-340,0080_117.7,Freeway,Urban,Salt Lake,PM,Auto,17500.8372,19519.21125,2018.3740499999985,0.115
-409,2330_001.0,Minor Arterial,Urban,Salt Lake,PM,Auto,2657.2744000000002,6256.33312,3599.05872,1.354
-628,0215_027.4,Freeway,Suburban,Davis,PM,Auto,8103.846100000001,7745.47285,-358.37325000000055,-0.044
-624,0067_000.0,Freeway,Suburban,Davis,PM,Auto,9679.2219,14994.85878,5315.63688,0.549
-315,0015_319.5,Freeway,Suburban,Davis,PM,Auto,33772.4426,30125.702780000003,-3646.739819999999,-0.108
-625,0067_010.1,Freeway,Suburban,Davis,PM,Auto,10125.166000000001,12992.754350000003,2867.588350000002,0.283
-616,0015_313.7,Freeway,Urban,Davis,PM,Auto,34866.7687,33379.22181,-1487.5468899999978,-0.043
-711,0154_020.0,Expressway,Urban,Salt Lake,PM,Auto,8035.437,12729.0632,4693.626200000001,0.584
-329,0089_412.4,Principal Arterial,Urban,Weber,PM,Auto,7314.673199999999,5394.41388,-1920.2593199999992,-0.263
-612,0015_330.1,Freeway,Urban,Davis,PM,Auto,30666.654,25034.4867,-5632.167299999997,-0.184
-634,0085_015.5,Expressway,Suburban,Salt Lake,PM,Auto,8142.365400000001,9613.89156,1471.5261599999994,0.181
-627,0154_012.9,Expressway,Suburban,Salt Lake,PM,Auto,19073.2542,14616.563429999998,-4456.690770000001,-0.234
-643,2932_001.3,Collector,Transition,Utah,PM,Auto,2694.4116,2467.70708,-226.70451999999977,-0.084
-601,0092_007.6,Collector,Transition,Utah,PM,Auto,741.2761,237.69473,-503.58137000000005,-0.679
-602,0092_018.8,Collector,Rural,Utah,PM,Auto,522.4296,74.11880000000001,-448.31080000000003,-0.858
-638,0015_242.4,Freeway,Transition,Utah,EV,Auto,7928.4212,6997.51546,-930.9057400000002,-0.117
-650,0006_159.8,Principal Arterial,Suburban,Utah,EV,Auto,4292.26,2603.8219999999997,-1688.4380000000006,-0.393
-639,0015_248.8,Freeway,Suburban,Utah,EV,Auto,12815.193500000001,10977.41675,-1837.776750000001,-0.143
-655,0015_253.6,Freeway,Rural,Utah,EV,Auto,16706.649800000003,14083.60449,-2623.045310000003,-0.157
-653,0156_001.0,Principal Arterial,Urban,Utah,EV,Auto,8364.1782,7463.015639999999,-901.1625600000016,-0.108
-646,0077_007.4,Principal Arterial,Suburban,Utah,EV,Auto,9173.779999999999,6733.75395,-2440.0260499999986,-0.266
-664,0089_326.5,Principal Arterial,Suburban,Utah,EV,Auto,89.3129,3705.65065,3616.33775,40.491
-312,0006_181.6,Expressway,Rural,Utah,EV,Auto,2550.2463,2689.4347199999997,139.18841999999995,0.055
-321,0006_146.9,Principal Arterial,Rural,Utah,EV,Auto,405.4304,279.5508,-125.87960000000004,-0.31
-327,0006_174.4,Expressway,Suburban,Utah,EV,Auto,8428.8276,7844.60862,-584.2189800000006,-0.069
-349,0015_246.9,Freeway,Transition,Utah,EV,Auto,11409.1571,9611.09765,-1798.0594500000007,-0.158
-416,0089_297.1,Expressway,Rural,Utah,EV,Auto,721.41,620.6628000000001,-100.7471999999999,-0.14
-611,0015_258.8,Freeway,Suburban,Utah,EV,Auto,27096.8751,23434.46379,-3662.4113099999995,-0.135
-815,0080_104.3,Freeway,Transition,Salt Lake,EV,Auto,7754.282,4157.06635,-3597.21565,-0.464
-348,0015_340.3,Freeway,Suburban,Weber,EV,Auto,28493.9755,22040.30715,-6453.66835,-0.226
-613,0015_357.6,Freeway,Rural,Box Elder,EV,Auto,11840.2144,9184.43324,-2655.7811600000005,-0.224
-820,0154_006.8,Expressway,Suburban,Salt Lake,EV,Auto,16337.424700000001,10236.198450000002,-6101.22625,-0.373
-819,0154_008.3,Expressway,Urban,Salt Lake,EV,Auto,17834.984699999997,11685.765319999999,-6149.219379999999,-0.345
-657,2889_000.0,Minor Arterial,Suburban,Utah,EV,Auto,5540.7386,5603.09069,62.35209000000032,0.011
-626,0073_034.6,Principal Arterial,Transition,Utah,EV,Auto,10476.0528,9173.43834,-1302.6144599999989,-0.124
-631,0266_001.7,Principal Arterial,Urban,Salt Lake,EV,Auto,5108.763,7771.1546,2662.3916,0.521
-636,0154_001.4,Freeway,Transition,Salt Lake,EV,Auto,14591.733,13733.434320000002,-858.2986799999981,-0.059
-680,0015_295.6,Freeway,Urban,Salt Lake,EV,Auto,11837.2384,48249.04232,36411.80392,3.076
-816,0015_299.0,Freeway,Urban,Salt Lake,EV,Auto,47690.7857,52174.34133,4483.555630000003,0.094
-648,0194_000.8,Expressway,Suburban,Utah,EV,Auto,11175.9844,14425.292580000001,3249.308180000002,0.291
-674,0015_283.9,Freeway,Urban,Utah,EV,Auto,51752.8176,44712.380639999996,-7040.436960000006,-0.136
-302,0015_289.8,Freeway,Urban,Salt Lake,EV,Auto,36234.890999999996,46353.56739999999,10118.676399999997,0.279
-662,2878_004.4,Minor Arterial,Suburban,Utah,EV,Auto,3070.928,5816.19662,2745.26862,0.894
-673,0015_279.6,Freeway,Suburban,Utah,EV,Auto,44235.0688,32751.307760000003,-11483.761039999998,-0.26
-675,0092_002.4,Freeway,Transition,Utah,EV,Auto,5798.324500000001,6164.18542,365.86091999999917,0.063
-676,0092_002.4,Freeway,Transition,Utah,EV,Auto,4381.6727,2940.24331,-1441.4293900000002,-0.329
-818,0215_007.7,Freeway,Urban,Salt Lake,EV,Auto,18928.0044,13585.50206,-5342.502340000001,-0.282
-632,0145_005.3,Expressway,Suburban,Utah,EV,Auto,13075.569,11104.264529999999,-1971.304470000001,-0.151
-672,0015_278.5,Freeway,Urban,Utah,EV,Auto,43839.8208,32274.97608,-11564.844720000001,-0.264
-658,0089_349.3,Principal Arterial,Urban,Utah,EV,Auto,5879.9448,3570.9066,-2309.0382000000004,-0.393
-335,0173_007.7,Minor Arterial,Urban,Salt Lake,EV,Auto,7527.7728,5558.86416,-1968.9086399999997,-0.262
-351,0215_011.5,Freeway,Suburban,Salt Lake,EV,Auto,26535.578400000002,21771.51204,-4764.066360000001,-0.18
-406,0071_015.7,Principal Arterial,Urban,Salt Lake,EV,Auto,6753.87,5288.257919999999,-1465.6120800000008,-0.217
-407,0068_038.1,Principal Arterial,Transition,Salt Lake,EV,Auto,6763.582,3913.0366999999997,-2850.5453000000007,-0.421
-617,0215_003.7,Freeway,Suburban,Salt Lake,EV,Auto,14186.592,11685.052,-2501.540000000001,-0.176
-317,0210_003.9,Principal Arterial,Transition,Salt Lake,EV,Auto,541.728,727.4750399999999,185.74703999999997,0.343
-670,0015_272.7,Freeway,Suburban,Utah,EV,Auto,49801.692,36442.054800000005,-13359.637199999997,-0.268
-671,0015_272.7,Freeway,Suburban,Utah,EV,Auto,50367.228,36442.054800000005,-13925.173199999997,-0.276
-647,0089_344.0,Principal Arterial,Urban,Utah,EV,Auto,7886.905,4339.42765,-3547.47735,-0.45
-651,0114_005.0,Principal Arterial,Urban,Utah,EV,Auto,7440.7188,2012.16888,-5428.5499199999995,-0.73
-641,0015_271.6,Freeway,Urban,Utah,EV,Auto,48785.9296,35948.71184,-12837.21776,-0.263
-669,0015_269.6,Freeway,Urban,Utah,EV,Auto,46663.5116,32233.0252,-14430.486399999998,-0.309
-642,0052_001.0,Principal Arterial,Urban,Utah,EV,Auto,10744.7856,6455.69904,-4289.086559999999,-0.399
-306,0015_267.0,Freeway,Suburban,Utah,EV,Auto,46619.014,26556.5686,-20062.445400000004,-0.43
-668,0015_264.2,Freeway,Suburban,Utah,EV,Auto,32474.554799999998,23494.694679999997,-8979.860120000001,-0.277
-649,0114_000.0,Principal Arterial,Urban,Utah,EV,Auto,10647.2273,8954.435119999998,-1692.7921800000022,-0.159
-661,0052_003.1,Principal Arterial,Urban,Utah,EV,Auto,6387.264,2754.58437,-3632.67963,-0.569
-659,0189_002.7,Principal Arterial,Urban,Utah,EV,Auto,11252.5874,9033.62718,-2218.960220000001,-0.197
-667,0015_261.8,Freeway,Rural,Utah,EV,Auto,35916.951199999996,29731.541970000002,-6185.409229999994,-0.172
-665,0015_260.0,Freeway,Transition,Utah,EV,Auto,32692.9431,27556.32034,-5136.622760000002,-0.157
-660,0089_329.8,Minor Arterial,Suburban,Utah,EV,Auto,4798.726000000001,4542.5716999999995,-256.15430000000106,-0.053
-319,0189_013.1,Expressway,Rural,Utah,EV,Auto,3427.9752,2050.51601,-1377.45919,-0.402
-322,0190_001.8,Minor Arterial,Transition,Salt Lake,EV,Auto,1015.3548,366.35447999999997,-649.00032,-0.639
-350,0189_004.0,Expressway,Suburban,Utah,EV,Auto,8665.243999999999,4981.8118,-3683.4321999999984,-0.425
-354,0171_008.8,Principal Arterial,Urban,Salt Lake,EV,Auto,6485.4031,9638.36896,3152.9658599999993,0.486
-629,0015_303.4,Freeway,Urban,Salt Lake,EV,Auto,59897.23959999999,54727.22255,-5170.017049999995,-0.086
-353,0215_017.5,Freeway,Urban,Salt Lake,EV,Auto,31259.752,26350.227759999998,-4909.5242400000025,-0.157
-341,0080_123.2,Freeway,Suburban,Salt Lake,EV,Auto,32735.1525,29243.838150000003,-3491.314349999997,-0.107
-301,0080_128.7,Freeway,Rural,Salt Lake,EV,Auto,11850.170999999998,12549.825859999999,699.6548600000006,0.059
-333,0071_021.2,Principal Arterial,Urban,Salt Lake,EV,Auto,11089.4808,7772.32044,-3317.160359999999,-0.299
-677,0080_136.1,Freeway,Rural,Salt Lake,EV,Auto,11127.961599999999,11890.959359999999,762.9977600000002,0.069
-325,0089_377.3,Principal Arterial,Urban,Salt Lake,EV,Auto,6266.5951000000005,6771.4315,504.83639999999923,0.081
-332,0186_006.0,Principal Arterial,Suburban,Salt Lake,EV,Auto,10551.1644,8684.861819999998,-1866.3025800000014,-0.177
-340,0080_117.7,Freeway,Urban,Salt Lake,EV,Auto,21143.5686,15885.539669999998,-5258.02893,-0.249
-409,2330_001.0,Minor Arterial,Urban,Salt Lake,EV,Auto,3075.7696,5236.6338399999995,2160.8642399999994,0.703
-628,0215_027.4,Freeway,Suburban,Davis,EV,Auto,8390.5447,4335.10079,-4055.44391,-0.483
-624,0067_000.0,Freeway,Suburban,Davis,EV,Auto,9200.5929,12767.97438,3567.38148,0.388
-315,0015_319.5,Freeway,Suburban,Davis,EV,Auto,36714.985,27430.301880000003,-9284.683119999998,-0.253
-625,0067_010.1,Freeway,Suburban,Davis,EV,Auto,9804.222000000002,11175.640400000002,1371.4184000000005,0.14
-616,0015_313.7,Freeway,Urban,Davis,EV,Auto,38263.3243,33162.94756,-5100.37674,-0.133
-711,0154_020.0,Expressway,Urban,Salt Lake,EV,Auto,13298.545,11750.676950000001,-1547.8680499999991,-0.116
-329,0089_412.4,Principal Arterial,Urban,Weber,EV,Auto,7459.6698,2635.06554,-4824.60426,-0.647
-612,0015_330.1,Freeway,Urban,Davis,EV,Auto,34291.554,27838.473299999998,-6453.080699999999,-0.188
-634,0085_015.5,Expressway,Suburban,Salt Lake,EV,Auto,9118.395,8769.302880000001,-349.09211999999934,-0.038
-627,0154_012.9,Expressway,Suburban,Salt Lake,EV,Auto,20924.1099,14499.03366,-6425.07624,-0.307
-643,2932_001.3,Collector,Transition,Utah,EV,Auto,2547.5044,1970.55976,-576.9446399999997,-0.226
-601,0092_007.6,Collector,Transition,Utah,EV,Auto,784.5097000000001,145.55312,-638.95658,-0.814
-602,0092_018.8,Collector,Rural,Utah,EV,Auto,405.1348,21.87584,-383.25896,-0.946
-638,0015_242.4,Freeway,Transition,Utah,AM,SUT,564.438,879.4979900000001,315.0599900000001,0.558
-650,0006_159.8,Principal Arterial,Suburban,Utah,AM,SUT,271.1801,294.26637,23.086270000000013,0.085
-639,0015_248.8,Freeway,Suburban,Utah,AM,SUT,1041.0102,1368.51996,327.50976000000014,0.315
-655,0015_253.6,Freeway,Rural,Utah,AM,SUT,1343.2434,1669.75742,326.51401999999985,0.243
-653,0156_001.0,Principal Arterial,Urban,Utah,AM,SUT,604.5054,742.97124,138.46583999999996,0.229
-646,0077_007.4,Principal Arterial,Suburban,Utah,AM,SUT,455.012,470.30319999999995,15.291199999999947,0.034
-664,0089_326.5,Principal Arterial,Suburban,Utah,AM,SUT,0.0,449.74335,449.74335,inf
-312,0006_181.6,Expressway,Rural,Utah,AM,SUT,112.1484,221.72799999999998,109.57959999999999,0.977
-321,0006_146.9,Principal Arterial,Rural,Utah,AM,SUT,32.946,34.85339999999999,1.9073999999999955,0.058
-327,0006_174.4,Expressway,Suburban,Utah,AM,SUT,450.3447,615.72485,165.38014999999996,0.367
-349,0015_246.9,Freeway,Transition,Utah,AM,SUT,898.0509999999999,1237.4015,339.3505,0.378
-416,0089_297.1,Expressway,Rural,Utah,AM,SUT,65.8147,89.84934000000001,24.03464000000001,0.365
-611,0015_258.8,Freeway,Suburban,Utah,AM,SUT,2047.682,2617.0872,569.4051999999999,0.278
-815,0080_104.3,Freeway,Transition,Salt Lake,AM,SUT,606.4234,481.53553999999997,-124.88786000000005,-0.206
-348,0015_340.3,Freeway,Suburban,Weber,AM,SUT,2290.4755999999998,2480.65489,190.17929000000004,0.083
-613,0015_357.6,Freeway,Rural,Box Elder,AM,SUT,1161.834,1524.5274000000002,362.6934000000001,0.312
-820,0154_006.8,Expressway,Suburban,Salt Lake,AM,SUT,1594.3831,1752.09469,157.7115899999999,0.099
-819,0154_008.3,Expressway,Urban,Salt Lake,AM,SUT,1876.5906000000002,1762.6724800000002,-113.91812000000004,-0.061
-657,2889_000.0,Minor Arterial,Suburban,Utah,AM,SUT,457.87,622.6164,164.7464,0.36
-626,0073_034.6,Principal Arterial,Transition,Utah,AM,SUT,1196.9255999999998,1419.3129599999997,222.38735999999994,0.186
-631,0266_001.7,Principal Arterial,Urban,Salt Lake,AM,SUT,610.0695999999999,1075.0526399999999,464.98303999999996,0.762
-636,0154_001.4,Freeway,Transition,Salt Lake,AM,SUT,2218.8033,2609.56605,390.76274999999987,0.176
-680,0015_295.6,Freeway,Urban,Salt Lake,AM,SUT,1357.548,5295.028800000001,3937.480800000001,2.9
-816,0015_299.0,Freeway,Urban,Salt Lake,AM,SUT,1926.9216,3377.31264,1450.3910400000002,0.753
-648,0194_000.8,Expressway,Suburban,Utah,AM,SUT,1153.1970000000001,1432.73394,279.53693999999996,0.242
-674,0015_283.9,Freeway,Urban,Utah,AM,SUT,2959.4213999999997,3298.29786,338.8764600000004,0.115
-302,0015_289.8,Freeway,Urban,Salt Lake,AM,SUT,896.4760000000001,4762.6449,3866.1689,4.313
-662,2878_004.4,Minor Arterial,Suburban,Utah,AM,SUT,305.53200000000004,534.79278,229.26077999999995,0.75
-673,0015_279.6,Freeway,Suburban,Utah,AM,SUT,2811.5135999999998,3116.0862599999996,304.5726599999998,0.108
-675,0092_002.4,Freeway,Transition,Utah,AM,SUT,291.5109,294.43455,2.923650000000009,0.01
-676,0092_002.4,Freeway,Transition,Utah,AM,SUT,185.53679999999997,167.48243999999997,-18.054360000000003,-0.097
-818,0215_007.7,Freeway,Urban,Salt Lake,AM,SUT,1643.8468,1764.3508199999999,120.50401999999985,0.073
-632,0145_005.3,Expressway,Suburban,Utah,AM,SUT,865.1214,882.6503399999999,17.52893999999992,0.02
-672,0015_278.5,Freeway,Urban,Utah,AM,SUT,3051.925,3474.851,422.92599999999993,0.139
-658,0089_349.3,Principal Arterial,Urban,Utah,AM,SUT,302.12,547.08288,244.96288000000004,0.811
-335,0173_007.7,Minor Arterial,Urban,Salt Lake,AM,SUT,353.59870000000006,348.34345,-5.255250000000046,-0.015
-351,0215_011.5,Freeway,Suburban,Salt Lake,AM,SUT,2601.07,3161.29156,560.22156,0.215
-406,0071_015.7,Principal Arterial,Urban,Salt Lake,AM,SUT,443.5776,553.13376,109.55616000000003,0.247
-407,0068_038.1,Principal Arterial,Transition,Salt Lake,AM,SUT,564.5001,543.7250700000001,-20.7750299999999,-0.037
-617,0215_003.7,Freeway,Suburban,Salt Lake,AM,SUT,793.9968,1359.2703299999998,565.2735299999998,0.712
-317,0210_003.9,Principal Arterial,Transition,Salt Lake,AM,SUT,84.747,116.45516999999998,31.70816999999998,0.374
-670,0015_272.7,Freeway,Suburban,Utah,AM,SUT,4263.4755,4634.9887499999995,371.51324999999997,0.087
-671,0015_272.7,Freeway,Suburban,Utah,AM,SUT,4358.2815,4634.9887499999995,276.7072499999995,0.063
-647,0089_344.0,Principal Arterial,Urban,Utah,AM,SUT,371.4237,524.95137,153.52767,0.413
-651,0114_005.0,Principal Arterial,Urban,Utah,AM,SUT,259.31759999999997,202.09004000000002,-57.227559999999954,-0.221
-641,0015_271.6,Freeway,Urban,Utah,AM,SUT,4240.0413,4772.96244,532.9211400000004,0.126
-669,0015_269.6,Freeway,Urban,Utah,AM,SUT,3525.3189,3709.41921,184.1003099999998,0.052
-642,0052_001.0,Principal Arterial,Urban,Utah,AM,SUT,1020.9024,1003.87392,-17.028479999999945,-0.017
-306,0015_267.0,Freeway,Suburban,Utah,AM,SUT,3136.5568,2703.44256,-433.1142399999999,-0.138
-668,0015_264.2,Freeway,Suburban,Utah,AM,SUT,2467.9001,2595.64584,127.7457400000003,0.052
-649,0114_000.0,Principal Arterial,Urban,Utah,AM,SUT,256.51120000000003,310.90344,54.39223999999996,0.212
-661,0052_003.1,Principal Arterial,Urban,Utah,AM,SUT,1155.0548000000001,841.25622,-313.79858000000013,-0.272
-659,0189_002.7,Principal Arterial,Urban,Utah,AM,SUT,518.8787,876.08207,357.20337000000006,0.688
-667,0015_261.8,Freeway,Rural,Utah,AM,SUT,2518.0344,3005.9226,487.88819999999987,0.194
-665,0015_260.0,Freeway,Transition,Utah,AM,SUT,2416.7828,2868.1099200000003,451.3271200000004,0.187
-660,0089_329.8,Minor Arterial,Suburban,Utah,AM,SUT,256.4144,416.39664000000005,159.98224000000005,0.624
-319,0189_013.1,Expressway,Rural,Utah,AM,SUT,1140.5348999999999,836.6141,-303.9207999999999,-0.266
-322,0190_001.8,Minor Arterial,Transition,Salt Lake,AM,SUT,81.7285,56.47255,-25.25595,-0.309
-350,0189_004.0,Expressway,Suburban,Utah,AM,SUT,246.6048,256.46808000000004,9.863280000000032,0.04
-354,0171_008.8,Principal Arterial,Urban,Salt Lake,AM,SUT,472.3534,920.47536,448.12196,0.949
-629,0015_303.4,Freeway,Urban,Salt Lake,AM,SUT,2410.6419,2127.9315300000003,-282.7103699999998,-0.117
-353,0215_017.5,Freeway,Urban,Salt Lake,AM,SUT,1764.8654999999999,2141.90355,377.0380500000001,0.214
-341,0080_123.2,Freeway,Suburban,Salt Lake,AM,SUT,2211.1279999999997,2535.76824,324.6402400000002,0.147
-301,0080_128.7,Freeway,Rural,Salt Lake,AM,SUT,1261.8032,1507.6534299999998,245.85022999999978,0.195
-333,0071_021.2,Principal Arterial,Urban,Salt Lake,AM,SUT,247.3132,349.86256000000003,102.54936000000004,0.415
-677,0080_136.1,Freeway,Rural,Salt Lake,AM,SUT,1247.7975999999999,1697.0549399999998,449.2573399999999,0.36
-325,0089_377.3,Principal Arterial,Urban,Salt Lake,AM,SUT,269.57099999999997,655.1566499999999,385.58564999999993,1.43
-332,0186_006.0,Principal Arterial,Suburban,Salt Lake,AM,SUT,1153.5724,1315.45526,161.88285999999994,0.14
-340,0080_117.7,Freeway,Urban,Salt Lake,AM,SUT,1741.3088,1879.43868,138.12987999999996,0.079
-409,2330_001.0,Minor Arterial,Urban,Salt Lake,AM,SUT,165.4274,588.7702,423.3428,2.559
-628,0215_027.4,Freeway,Suburban,Davis,AM,SUT,729.4286,732.21424,2.7856400000000576,0.004
-624,0067_000.0,Freeway,Suburban,Davis,AM,SUT,654.0104,1005.48608,351.47568,0.537
-315,0015_319.5,Freeway,Suburban,Davis,AM,SUT,1720.9264,1719.18264,-1.7437600000000657,-0.001
-625,0067_010.1,Freeway,Suburban,Davis,AM,SUT,1470.6384,1956.8970399999998,486.2586399999998,0.331
-616,0015_313.7,Freeway,Urban,Davis,AM,SUT,2999.7153000000003,2983.49496,-16.220340000000306,-0.005
-711,0154_020.0,Expressway,Urban,Salt Lake,AM,SUT,354.9036,412.34700000000004,57.443400000000054,0.162
-329,0089_412.4,Principal Arterial,Urban,Weber,AM,SUT,386.9255,347.8865,-39.03899999999999,-0.101
-612,0015_330.1,Freeway,Urban,Davis,AM,SUT,2402.3424,2359.59524,-42.747159999999894,-0.018
-634,0085_015.5,Expressway,Suburban,Salt Lake,AM,SUT,904.2783999999999,1077.01648,172.73808000000008,0.191
-627,0154_012.9,Expressway,Suburban,Salt Lake,AM,SUT,2062.7454,1638.76947,-423.97592999999983,-0.206
-643,2932_001.3,Collector,Transition,Utah,AM,SUT,182.931,253.8249,70.8939,0.388
-601,0092_007.6,Collector,Transition,Utah,AM,SUT,15.6384,15.32736,-0.3110400000000002,-0.02
-602,0092_018.8,Collector,Rural,Utah,AM,SUT,13.3342,14.13885,0.8046500000000005,0.06
-638,0015_242.4,Freeway,Transition,Utah,MD,SUT,1430.8609000000001,1490.13746,59.27655999999979,0.041
-650,0006_159.8,Principal Arterial,Suburban,Utah,MD,SUT,579.1321,531.16655,-47.96555000000001,-0.083
-639,0015_248.8,Freeway,Suburban,Utah,MD,SUT,2143.3662,2325.21342,181.8472200000001,0.085
-655,0015_253.6,Freeway,Rural,Utah,MD,SUT,2571.2626,2784.58808,213.32547999999997,0.083
-653,0156_001.0,Principal Arterial,Urban,Utah,MD,SUT,1415.6432,1384.61816,-31.02503999999999,-0.022
-646,0077_007.4,Principal Arterial,Suburban,Utah,MD,SUT,941.792,952.9563999999999,11.164399999999887,0.012
-664,0089_326.5,Principal Arterial,Suburban,Utah,MD,SUT,0.0,809.61615,809.61615,inf
-312,0006_181.6,Expressway,Rural,Utah,MD,SUT,337.86479999999995,429.17888,91.31408000000005,0.27
-321,0006_146.9,Principal Arterial,Rural,Utah,MD,SUT,61.403999999999996,67.04459999999999,5.640599999999992,0.092
-327,0006_174.4,Expressway,Suburban,Utah,MD,SUT,941.6875,1179.55578,237.8682799999999,0.253
-349,0015_246.9,Freeway,Transition,Utah,MD,SUT,1965.055,2101.6512,136.59619999999973,0.07
-416,0089_297.1,Expressway,Rural,Utah,MD,SUT,132.6815,150.0996,17.41810000000001,0.131
-611,0015_258.8,Freeway,Suburban,Utah,MD,SUT,3801.616,4571.5124,769.8963999999996,0.203
-815,0080_104.3,Freeway,Transition,Salt Lake,MD,SUT,755.2504,567.97456,-187.27584000000002,-0.248
-348,0015_340.3,Freeway,Suburban,Weber,MD,SUT,4365.1762,4508.38367,143.20747000000028,0.033
-613,0015_357.6,Freeway,Rural,Box Elder,MD,SUT,2565.696,2683.18665,117.49065000000019,0.046
-820,0154_006.8,Expressway,Suburban,Salt Lake,MD,SUT,2614.0922,3232.86501,618.7728099999999,0.237
-819,0154_008.3,Expressway,Urban,Salt Lake,MD,SUT,2891.8682000000003,3331.4776500000003,439.6094499999999,0.152
-657,2889_000.0,Minor Arterial,Suburban,Utah,MD,SUT,743.225,1186.30645,443.08145,0.596
-626,0073_034.6,Principal Arterial,Transition,Utah,MD,SUT,2021.4804,2532.9795,511.4991,0.253
-631,0266_001.7,Principal Arterial,Urban,Salt Lake,MD,SUT,1310.1288,2062.60576,752.47696,0.574
-636,0154_001.4,Freeway,Transition,Salt Lake,MD,SUT,3335.5721000000003,4791.882970000001,1456.3108700000003,0.437
-680,0015_295.6,Freeway,Urban,Salt Lake,MD,SUT,2389.9480000000003,9738.872800000001,7348.924800000001,3.075
-816,0015_299.0,Freeway,Urban,Salt Lake,MD,SUT,4123.3572,6837.40044,2714.04324,0.658
-648,0194_000.8,Expressway,Suburban,Utah,MD,SUT,2011.6674,2820.5695800000003,808.9021800000003,0.402
-674,0015_283.9,Freeway,Urban,Utah,MD,SUT,5227.8642,6252.96672,1025.1025200000004,0.196
-302,0015_289.8,Freeway,Urban,Salt Lake,MD,SUT,2090.195,9176.688300000002,7086.493300000002,3.39
-662,2878_004.4,Minor Arterial,Suburban,Utah,MD,SUT,539.7732,946.67724,406.90404,0.754
-673,0015_279.6,Freeway,Suburban,Utah,MD,SUT,5251.5581999999995,5950.8456,699.2874000000002,0.133
-675,0092_002.4,Freeway,Transition,Utah,MD,SUT,553.5881999999999,572.0893199999999,18.501120000000014,0.033
-676,0092_002.4,Freeway,Transition,Utah,MD,SUT,475.99649999999997,352.42794,-123.56855999999999,-0.26
-818,0215_007.7,Freeway,Urban,Salt Lake,MD,SUT,2828.2074000000002,3087.48242,259.2750199999996,0.092
-632,0145_005.3,Expressway,Suburban,Utah,MD,SUT,1552.7226,1677.8533200000002,125.13072000000011,0.081
-672,0015_278.5,Freeway,Urban,Utah,MD,SUT,5577.1050000000005,6366.551000000001,789.4460000000008,0.142
-658,0089_349.3,Principal Arterial,Urban,Utah,MD,SUT,1561.728,1178.61328,-383.11472000000003,-0.245
-335,0173_007.7,Minor Arterial,Urban,Salt Lake,MD,SUT,686.7497000000001,682.2843300000001,-4.465370000000007,-0.007
-351,0215_011.5,Freeway,Suburban,Salt Lake,MD,SUT,4024.7416000000003,5864.46868,1839.7270799999997,0.457
-406,0071_015.7,Principal Arterial,Urban,Salt Lake,MD,SUT,872.1408,948.3307200000002,76.18992000000014,0.087
-407,0068_038.1,Principal Arterial,Transition,Salt Lake,MD,SUT,761.2983,888.69924,127.40093999999999,0.167
-617,0215_003.7,Freeway,Suburban,Salt Lake,MD,SUT,1515.6241,2037.1265600000002,521.5024600000002,0.344
-317,0210_003.9,Principal Arterial,Transition,Salt Lake,MD,SUT,233.1342,281.72781,48.593609999999984,0.208
-670,0015_272.7,Freeway,Suburban,Utah,MD,SUT,7701.1245,8446.6971,745.5725999999995,0.097
-671,0015_272.7,Freeway,Suburban,Utah,MD,SUT,8041.2255,8446.6971,405.47159999999985,0.05
-647,0089_344.0,Principal Arterial,Urban,Utah,MD,SUT,1030.8870000000002,809.36244,-221.52456000000018,-0.215
-651,0114_005.0,Principal Arterial,Urban,Utah,MD,SUT,595.3216,350.02531999999997,-245.29628000000002,-0.412
-641,0015_271.6,Freeway,Urban,Utah,MD,SUT,7908.6264,8626.29612,717.6697200000008,0.091
-669,0015_269.6,Freeway,Urban,Utah,MD,SUT,6422.0475,6859.66728,437.61978,0.068
-642,0052_001.0,Principal Arterial,Urban,Utah,MD,SUT,2379.2832,1882.2854399999999,-496.99775999999997,-0.209
-306,0015_267.0,Freeway,Suburban,Utah,MD,SUT,5275.7952,4923.34336,-352.4518399999997,-0.067
-668,0015_264.2,Freeway,Suburban,Utah,MD,SUT,4378.0546,4671.10166,293.0470599999999,0.067
-649,0114_000.0,Principal Arterial,Urban,Utah,MD,SUT,538.9372,603.38224,64.44504000000006,0.12
-661,0052_003.1,Principal Arterial,Urban,Utah,MD,SUT,2514.1198,1335.35408,-1178.7657199999999,-0.469
-659,0189_002.7,Principal Arterial,Urban,Utah,MD,SUT,1434.7201,1533.56665,98.84654999999998,0.069
-667,0015_261.8,Freeway,Rural,Utah,MD,SUT,4657.060799999999,5367.72618,710.6653800000004,0.153
-665,0015_260.0,Freeway,Transition,Utah,MD,SUT,4435.3926,5159.49676,724.1041599999999,0.163
-660,0089_329.8,Minor Arterial,Suburban,Utah,MD,SUT,524.0488,625.48508,101.43628000000001,0.194
-319,0189_013.1,Expressway,Rural,Utah,MD,SUT,2256.6674,1446.70183,-809.9655699999998,-0.359
-322,0190_001.8,Minor Arterial,Transition,Salt Lake,MD,SUT,283.7761,124.48540999999999,-159.29068999999998,-0.561
-350,0189_004.0,Expressway,Suburban,Utah,MD,SUT,570.1824,441.30312000000004,-128.87928,-0.226
-354,0171_008.8,Principal Arterial,Urban,Salt Lake,MD,SUT,1032.7304,1661.44046,628.7100600000001,0.609
-629,0015_303.4,Freeway,Urban,Salt Lake,MD,SUT,4603.531300000001,4344.262460000001,-259.2688399999997,-0.056
-353,0215_017.5,Freeway,Urban,Salt Lake,MD,SUT,2451.267,3843.8545499999996,1392.5875499999997,0.568
-341,0080_123.2,Freeway,Suburban,Salt Lake,MD,SUT,4107.056,4383.147559999999,276.09155999999984,0.067
-301,0080_128.7,Freeway,Rural,Salt Lake,MD,SUT,2358.902,2300.65726,-58.24474000000009,-0.025
-333,0071_021.2,Principal Arterial,Urban,Salt Lake,MD,SUT,555.3956,598.3754799999999,42.97987999999998,0.077
-677,0080_136.1,Freeway,Rural,Salt Lake,MD,SUT,2441.5117999999998,2555.63462,114.12282000000005,0.047
-325,0089_377.3,Principal Arterial,Urban,Salt Lake,MD,SUT,862.521,1283.3384999999998,420.8174999999999,0.488
-332,0186_006.0,Principal Arterial,Suburban,Salt Lake,MD,SUT,2250.558,1858.2189400000002,-392.3390599999998,-0.174
-340,0080_117.7,Freeway,Urban,Salt Lake,MD,SUT,3031.9575999999997,3035.5317999999997,3.574200000000019,0.001
-409,2330_001.0,Minor Arterial,Urban,Salt Lake,MD,SUT,454.24219999999997,1166.10552,711.8633200000002,1.567
-628,0215_027.4,Freeway,Suburban,Davis,MD,SUT,1147.7616,1297.47514,149.71353999999997,0.13
-624,0067_000.0,Freeway,Suburban,Davis,MD,SUT,799.0374,1979.1954200000002,1180.1580200000003,1.477
-315,0015_319.5,Freeway,Suburban,Davis,MD,SUT,3107.244,3309.08848,201.84447999999975,0.065
-625,0067_010.1,Freeway,Suburban,Davis,MD,SUT,1865.9256,3761.78432,1895.8587200000002,1.016
-616,0015_313.7,Freeway,Urban,Davis,MD,SUT,5156.2872,5889.51117,733.22397,0.142
-711,0154_020.0,Expressway,Urban,Salt Lake,MD,SUT,550.6496,738.5036799999999,187.85407999999995,0.341
-329,0089_412.4,Principal Arterial,Urban,Weber,MD,SUT,1040.4485,629.51655,-410.9319499999999,-0.395
-612,0015_330.1,Freeway,Urban,Davis,MD,SUT,4455.6287,4612.21117,156.58246999999938,0.035
-634,0085_015.5,Expressway,Suburban,Salt Lake,MD,SUT,1083.7551999999998,1990.96928,907.2140800000002,0.837
-627,0154_012.9,Expressway,Suburban,Salt Lake,MD,SUT,2812.8242999999998,3128.47824,315.65394000000015,0.112
-643,2932_001.3,Collector,Transition,Utah,MD,SUT,498.666,474.35114999999996,-24.314850000000035,-0.049
-601,0092_007.6,Collector,Transition,Utah,MD,SUT,91.2384,36.72,-54.5184,-0.598
-602,0092_018.8,Collector,Rural,Utah,MD,SUT,207.3698,16.59878,-190.77102,-0.92
-638,0015_242.4,Freeway,Transition,Utah,PM,SUT,877.7328,1015.71358,137.98077999999998,0.157
-650,0006_159.8,Principal Arterial,Suburban,Utah,PM,SUT,457.9773,350.03202,-107.94528000000003,-0.236
-639,0015_248.8,Freeway,Suburban,Utah,PM,SUT,1483.8210000000001,1574.89512,91.07411999999977,0.061
-655,0015_253.6,Freeway,Rural,Utah,PM,SUT,1881.768,1926.70836,44.940360000000055,0.024
-653,0156_001.0,Principal Arterial,Urban,Utah,PM,SUT,931.8578,894.8772399999999,-36.98056000000008,-0.04
-646,0077_007.4,Principal Arterial,Suburban,Utah,PM,SUT,643.492,619.8331999999999,-23.658800000000042,-0.037
-664,0089_326.5,Principal Arterial,Suburban,Utah,PM,SUT,0.0,563.332,563.332,inf
-312,0006_181.6,Expressway,Rural,Utah,PM,SUT,189.21239999999997,228.06887999999998,38.856480000000005,0.205
-321,0006_146.9,Principal Arterial,Rural,Utah,PM,SUT,49.062,38.657999999999994,-10.404000000000003,-0.212
-327,0006_174.4,Expressway,Suburban,Utah,PM,SUT,664.3754,730.40851,66.03310999999997,0.099
-349,0015_246.9,Freeway,Transition,Utah,PM,SUT,1336.751,1426.2565,89.50549999999998,0.067
-416,0089_297.1,Expressway,Rural,Utah,PM,SUT,95.858,98.69866999999999,2.8406699999999887,0.03
-611,0015_258.8,Freeway,Suburban,Utah,PM,SUT,2773.7709999999997,2897.7857999999997,124.01479999999992,0.045
-815,0080_104.3,Freeway,Transition,Salt Lake,PM,SUT,607.0202,538.55232,-68.46788000000004,-0.113
-348,0015_340.3,Freeway,Suburban,Weber,PM,SUT,3188.2914,2844.37482,-343.91658000000007,-0.108
-613,0015_357.6,Freeway,Rural,Box Elder,PM,SUT,1693.449,1560.04725,-133.40175,-0.079
-820,0154_006.8,Expressway,Suburban,Salt Lake,PM,SUT,2153.4087,2015.9590899999998,-137.44961000000012,-0.064
-819,0154_008.3,Expressway,Urban,Salt Lake,PM,SUT,2284.8974000000003,2078.74429,-206.1531100000002,-0.09
-657,2889_000.0,Minor Arterial,Suburban,Utah,PM,SUT,583.4045,783.16385,199.75935000000004,0.342
-626,0073_034.6,Principal Arterial,Transition,Utah,PM,SUT,1499.0171999999998,1694.7910799999997,195.77387999999996,0.131
-631,0266_001.7,Principal Arterial,Urban,Salt Lake,PM,SUT,885.3968,1352.8541599999999,467.4573599999999,0.528
-636,0154_001.4,Freeway,Transition,Salt Lake,PM,SUT,2691.8199,3366.33185,674.5119500000001,0.251
-680,0015_295.6,Freeway,Urban,Salt Lake,PM,SUT,1445.3600000000001,5668.456,4223.096,2.922
-816,0015_299.0,Freeway,Urban,Salt Lake,PM,SUT,1176.6707999999999,4082.15592,2905.4851200000003,2.469
-648,0194_000.8,Expressway,Suburban,Utah,PM,SUT,1368.8082,1692.0014400000002,323.1932400000003,0.236
-674,0015_283.9,Freeway,Urban,Utah,PM,SUT,3611.2986,3669.18552,57.88691999999992,0.016
-302,0015_289.8,Freeway,Urban,Salt Lake,PM,SUT,984.8510000000001,5316.0542000000005,4331.2032,4.398
-662,2878_004.4,Minor Arterial,Suburban,Utah,PM,SUT,412.96500000000003,622.39104,209.42603999999994,0.507
-673,0015_279.6,Freeway,Suburban,Utah,PM,SUT,3608.7954,3448.8761999999997,-159.91920000000027,-0.044
-675,0092_002.4,Freeway,Transition,Utah,PM,SUT,391.96619999999996,330.30674999999997,-61.65944999999999,-0.157
-676,0092_002.4,Freeway,Transition,Utah,PM,SUT,348.40709999999996,251.44703999999996,-96.96006,-0.278
-818,0215_007.7,Freeway,Urban,Salt Lake,PM,SUT,1804.3858,2216.0458900000003,411.6600900000003,0.228
-632,0145_005.3,Expressway,Suburban,Utah,PM,SUT,1144.4862,1053.71838,-90.76782000000003,-0.079
-672,0015_278.5,Freeway,Urban,Utah,PM,SUT,3768.815,3854.1805000000004,85.36550000000034,0.023
-658,0089_349.3,Principal Arterial,Urban,Utah,PM,SUT,958.152,814.48896,-143.66304000000002,-0.15
-335,0173_007.7,Minor Arterial,Urban,Salt Lake,PM,SUT,532.9779000000001,484.47035000000005,-48.50755000000004,-0.091
-351,0215_011.5,Freeway,Suburban,Salt Lake,PM,SUT,3190.8212,3822.0001600000005,631.1789600000006,0.198
-406,0071_015.7,Principal Arterial,Urban,Salt Lake,PM,SUT,677.4432,694.88928,17.446079999999938,0.026
-407,0068_038.1,Principal Arterial,Transition,Salt Lake,PM,SUT,630.2976,693.20001,62.90241000000003,0.1
-617,0215_003.7,Freeway,Suburban,Salt Lake,PM,SUT,1256.2347,1614.18209,357.94739000000004,0.285
-317,0210_003.9,Principal Arterial,Transition,Salt Lake,PM,SUT,180.04739999999998,186.61928999999998,6.571889999999996,0.037
-670,0015_272.7,Freeway,Suburban,Utah,PM,SUT,5262.871499999999,5092.93485,-169.93664999999964,-0.032
-671,0015_272.7,Freeway,Suburban,Utah,PM,SUT,5446.4805,5092.93485,-353.54565,-0.065
-647,0089_344.0,Principal Arterial,Urban,Utah,PM,SUT,728.7498,664.7899500000001,-63.95984999999996,-0.088
-651,0114_005.0,Principal Arterial,Urban,Utah,PM,SUT,469.0696,281.58204,-187.48755999999997,-0.4
-641,0015_271.6,Freeway,Urban,Utah,PM,SUT,5313.918000000001,5226.3902100000005,-87.5277900000001,-0.016
-669,0015_269.6,Freeway,Urban,Utah,PM,SUT,4553.2341,4106.1375,-447.09659999999985,-0.098
-642,0052_001.0,Principal Arterial,Urban,Utah,PM,SUT,1596.8064,1233.95328,-362.85312,-0.227
-306,0015_267.0,Freeway,Suburban,Utah,PM,SUT,3710.3039999999996,3068.4243199999996,-641.87968,-0.173
-668,0015_264.2,Freeway,Suburban,Utah,PM,SUT,3215.1089,2932.98968,-282.11922000000004,-0.088
-649,0114_000.0,Principal Arterial,Urban,Utah,PM,SUT,353.702,379.3902,25.688199999999995,0.073
-661,0052_003.1,Principal Arterial,Urban,Utah,PM,SUT,1734.187,1061.71562,-672.47138,-0.388
-659,0189_002.7,Principal Arterial,Urban,Utah,PM,SUT,927.6126,1022.7596299999999,95.14702999999986,0.103
-667,0015_261.8,Freeway,Rural,Utah,PM,SUT,3397.4514,3385.68354,-11.767859999999928,-0.003
-665,0015_260.0,Freeway,Transition,Utah,PM,SUT,3221.2064,3237.58988,16.383479999999963,0.005
-660,0089_329.8,Minor Arterial,Suburban,Utah,PM,SUT,427.70640000000003,510.35292,82.64651999999995,0.193
-319,0189_013.1,Expressway,Rural,Utah,PM,SUT,1697.3533,952.3036599999999,-745.0496400000001,-0.439
-322,0190_001.8,Minor Arterial,Transition,Salt Lake,PM,SUT,193.93619999999999,78.0415,-115.89469999999999,-0.598
-350,0189_004.0,Expressway,Suburban,Utah,PM,SUT,399.9576,342.62928,-57.32832000000002,-0.143
-354,0171_008.8,Principal Arterial,Urban,Salt Lake,PM,SUT,729.4382,1209.04706,479.60886000000005,0.658
-629,0015_303.4,Freeway,Urban,Salt Lake,PM,SUT,2740.9224,2570.51281,-170.40958999999975,-0.062
-353,0215_017.5,Freeway,Urban,Salt Lake,PM,SUT,2252.007,2435.8428,183.83579999999984,0.082
-341,0080_123.2,Freeway,Suburban,Salt Lake,PM,SUT,2823.9556,2940.28016,116.32456000000002,0.041
-301,0080_128.7,Freeway,Rural,Salt Lake,PM,SUT,1592.209,1564.24315,-27.965850000000046,-0.018
-333,0071_021.2,Principal Arterial,Urban,Salt Lake,PM,SUT,358.9192,448.8982,89.97899999999998,0.251
-677,0080_136.1,Freeway,Rural,Salt Lake,PM,SUT,1729.4136999999998,1750.6363,21.222600000000057,0.012
-325,0089_377.3,Principal Arterial,Urban,Salt Lake,PM,SUT,573.7455,818.4834,244.73789999999997,0.427
-332,0186_006.0,Principal Arterial,Suburban,Salt Lake,PM,SUT,1447.8942,1611.2210800000003,163.3268800000003,0.113
-340,0080_117.7,Freeway,Urban,Salt Lake,PM,SUT,2121.3136,2365.965,244.6514000000002,0.115
-409,2330_001.0,Minor Arterial,Urban,Salt Lake,PM,SUT,328.3324,773.03152,444.69912,1.354
-628,0215_027.4,Freeway,Suburban,Davis,PM,SUT,941.5658,899.9273000000001,-41.63849999999991,-0.044
-624,0067_000.0,Freeway,Suburban,Davis,PM,SUT,744.6442000000001,1153.58804,408.94384,0.549
-315,0015_319.5,Freeway,Suburban,Davis,PM,SUT,2153.9128,1921.3338400000002,-232.57895999999982,-0.108
-625,0067_010.1,Freeway,Suburban,Davis,PM,SUT,1690.3712,2169.1079200000004,478.73672000000033,0.283
-616,0015_313.7,Freeway,Urban,Davis,PM,SUT,3624.0849000000003,3469.4678700000004,-154.6170299999999,-0.043
-711,0154_020.0,Expressway,Urban,Salt Lake,PM,SUT,332.2056,526.25216,194.04656,0.584
-329,0089_412.4,Principal Arterial,Urban,Weber,PM,SUT,686.3090000000001,506.13810000000007,-180.17090000000002,-0.263
-612,0015_330.1,Freeway,Urban,Davis,PM,SUT,3117.5946,2545.02433,-572.5702699999997,-0.184
-634,0085_015.5,Expressway,Suburban,Salt Lake,PM,SUT,1064.9624,1257.42736,192.46496000000002,0.181
-627,0154_012.9,Expressway,Suburban,Salt Lake,PM,SUT,2503.9013999999997,1918.83531,-585.0660899999998,-0.234
-643,2932_001.3,Collector,Transition,Utah,PM,SUT,350.238,320.7694,-29.46859999999998,-0.084
-601,0092_007.6,Collector,Transition,Utah,PM,SUT,71.1072,22.80096,-48.30624,-0.679
-602,0092_018.8,Collector,Rural,Utah,PM,SUT,166.9074,23.6797,-143.2277,-0.858
-638,0015_242.4,Freeway,Transition,Utah,EV,SUT,1084.6934,957.3354700000001,-127.35793000000001,-0.117
-650,0006_159.8,Principal Arterial,Suburban,Utah,EV,SUT,505.5883,306.70601,-198.88229,-0.393
-639,0015_248.8,Freeway,Suburban,Utah,EV,SUT,1688.307,1446.1935,-242.11349999999993,-0.143
-655,0015_253.6,Freeway,Rural,Utah,EV,SUT,2024.1668,1706.36034,-317.80646,-0.157
-653,0156_001.0,Principal Arterial,Urban,Utah,EV,SUT,959.1203999999999,855.7840799999999,-103.33632,-0.108
-646,0077_007.4,Principal Arterial,Suburban,Utah,EV,SUT,769.12,564.5508,-204.56920000000002,-0.266
-664,0089_326.5,Principal Arterial,Suburban,Utah,EV,SUT,11.6095,481.68575,470.07624999999996,40.491
-312,0006_181.6,Expressway,Rural,Utah,EV,SUT,223.68839999999997,235.89695999999998,12.208560000000006,0.055
-321,0006_146.9,Principal Arterial,Rural,Utah,EV,SUT,50.592,34.884,-15.707999999999998,-0.31
-327,0006_174.4,Expressway,Suburban,Utah,EV,SUT,788.4005999999999,733.75497,-54.64562999999998,-0.069
-349,0015_246.9,Freeway,Transition,Utah,EV,SUT,1565.3029999999999,1318.6145,-246.68849999999998,-0.158
-416,0089_297.1,Expressway,Rural,Utah,EV,SUT,101.1185,86.99698000000001,-14.12151999999999,-0.14
-611,0015_258.8,Freeway,Suburban,Utah,EV,SUT,3007.459,2600.9710999999998,-406.4879000000001,-0.135
-815,0080_104.3,Freeway,Transition,Salt Lake,EV,SUT,711.0872,381.21346,-329.87374000000005,-0.464
-348,0015_340.3,Freeway,Suburban,Weber,EV,SUT,3429.8635,2653.02555,-776.8379500000001,-0.226
-613,0015_357.6,Freeway,Rural,Box Elder,EV,SUT,2014.908,1562.96055,-451.9474499999999,-0.224
-820,0154_006.8,Expressway,Suburban,Salt Lake,EV,SUT,2623.4003,1643.68905,-979.7112499999998,-0.373
-819,0154_008.3,Expressway,Urban,Salt Lake,EV,SUT,2757.6393000000003,1806.8490800000002,-950.7902200000001,-0.345
-657,2889_000.0,Minor Arterial,Suburban,Utah,EV,SUT,720.223,728.32795,8.10495000000003,0.011
-626,0073_034.6,Principal Arterial,Transition,Utah,EV,SUT,1801.1087999999997,1577.1551399999998,-223.9536599999999,-0.124
-631,0266_001.7,Principal Arterial,Urban,Salt Lake,EV,SUT,982.4784,1494.4892799999998,512.0108799999998,0.521
-636,0154_001.4,Freeway,Transition,Salt Lake,EV,SUT,2705.339,2546.2085600000005,-159.13043999999945,-0.059
-680,0015_295.6,Freeway,Urban,Salt Lake,EV,SUT,1652.768,6736.746400000001,5083.978400000001,3.076
-816,0015_299.0,Freeway,Urban,Salt Lake,EV,SUT,4483.7028,4905.22932,421.52652000000035,0.094
-648,0194_000.8,Expressway,Suburban,Utah,EV,SUT,1771.8372000000002,2286.98154,515.14434,0.291
-674,0015_283.9,Freeway,Urban,Utah,EV,SUT,4160.6136,3594.60504,-566.0085599999998,-0.136
-302,0015_289.8,Freeway,Urban,Salt Lake,EV,SUT,4349.5650000000005,5564.191000000001,1214.6260000000002,0.279
-662,2878_004.4,Minor Arterial,Suburban,Utah,EV,SUT,486.86400000000003,922.09806,435.23406,0.894
-673,0015_279.6,Freeway,Suburban,Utah,EV,SUT,4112.2536,3044.68122,-1067.57238,-0.26
-675,0092_002.4,Freeway,Transition,Utah,EV,SUT,413.58149999999995,439.67753999999996,26.096040000000016,0.063
-676,0092_002.4,Freeway,Transition,Utah,EV,SUT,312.5349,209.72096999999997,-102.81393000000003,-0.329
-818,0215_007.7,Freeway,Urban,Salt Lake,EV,SUT,1949.3244,1399.12006,-550.20434,-0.282
-632,0145_005.3,Expressway,Suburban,Utah,EV,SUT,1260.402,1070.38074,-190.02125999999998,-0.151
-672,0015_278.5,Freeway,Urban,Utah,EV,SUT,4381.92,3225.9795,-1155.9405000000002,-0.264
-658,0089_349.3,Principal Arterial,Urban,Utah,EV,SUT,949.2544,576.4848,-372.7696000000001,-0.393
-335,0173_007.7,Minor Arterial,Urban,Salt Lake,EV,SUT,519.4098,383.55681000000004,-135.85298999999998,-0.262
-351,0215_011.5,Freeway,Suburban,Salt Lake,EV,SUT,3262.6728000000003,2676.90868,-585.7641200000003,-0.18
-406,0071_015.7,Principal Arterial,Urban,Salt Lake,EV,SUT,618.12,483.98592,-134.13407999999998,-0.217
-407,0068_038.1,Principal Arterial,Transition,Salt Lake,EV,SUT,643.0326,372.02331,-271.00929,-0.421
-617,0215_003.7,Freeway,Suburban,Salt Lake,EV,SUT,1113.9912,917.5597,-196.43149999999991,-0.176
-317,0210_003.9,Principal Arterial,Transition,Salt Lake,EV,SUT,105.53399999999999,141.71936999999997,36.18536999999998,0.343
-670,0015_272.7,Freeway,Suburban,Utah,EV,SUT,6270.651,4588.5069,-1682.1440999999995,-0.268
-671,0015_272.7,Freeway,Suburban,Utah,EV,SUT,6341.8589999999995,4588.5069,-1753.3520999999992,-0.276
-647,0089_344.0,Principal Arterial,Urban,Utah,EV,SUT,697.671,383.86323000000004,-313.80777,-0.45
-651,0114_005.0,Principal Arterial,Urban,Utah,EV,SUT,544.8208,147.33408,-397.48672,-0.73
-641,0015_271.6,Freeway,Urban,Utah,EV,SUT,6442.1832,4747.02828,-1695.15492,-0.263
-669,0015_269.6,Freeway,Urban,Utah,EV,SUT,5432.1171,3752.2587,-1679.8584000000005,-0.309
-642,0052_001.0,Principal Arterial,Urban,Utah,EV,SUT,1734.0287999999998,1041.84192,-692.1868799999997,-0.399
-306,0015_267.0,Freeway,Suburban,Utah,EV,SUT,4553.536,2593.9264,-1959.6096000000002,-0.43
-668,0015_264.2,Freeway,Suburban,Utah,EV,SUT,3450.5187,2496.3816699999998,-954.1370300000003,-0.277
-649,0114_000.0,Principal Arterial,Urban,Utah,EV,SUT,461.3164,387.97216,-73.34424000000001,-0.159
-661,0052_003.1,Principal Arterial,Urban,Utah,EV,SUT,1668.992,719.77286,-949.2191399999999,-0.569
-659,0189_002.7,Principal Arterial,Urban,Utah,EV,SUT,1390.3679,1116.19353,-274.17436999999995,-0.197
-667,0015_261.8,Freeway,Rural,Utah,EV,SUT,3635.0928,3009.07818,-626.0146199999999,-0.172
-665,0015_260.0,Freeway,Transition,Utah,EV,SUT,3467.1342,2922.3878799999998,-544.7463200000002,-0.157
-660,0089_329.8,Minor Arterial,Suburban,Utah,EV,SUT,398.38480000000004,377.11916,-21.26564000000002,-0.053
-319,0189_013.1,Expressway,Rural,Utah,EV,SUT,1470.7992,879.7897099999999,-591.00949,-0.402
-322,0190_001.8,Minor Arterial,Transition,Salt Lake,EV,SUT,144.8991,52.281659999999995,-92.61744000000002,-0.639
-350,0189_004.0,Expressway,Suburban,Utah,EV,SUT,421.25280000000004,242.18616000000003,-179.06664,-0.425
-354,0171_008.8,Principal Arterial,Urban,Salt Lake,EV,SUT,736.4242,1094.44672,358.0225199999999,0.486
-629,0015_303.4,Freeway,Urban,Salt Lake,EV,SUT,3553.5044000000003,3246.78445,-306.71995000000015,-0.086
-353,0215_017.5,Freeway,Urban,Salt Lake,EV,SUT,2128.515,1794.2194499999998,-334.29555000000005,-0.157
-341,0080_123.2,Freeway,Suburban,Salt Lake,EV,SUT,2963.274,2647.23084,-316.0431599999997,-0.107
-301,0080_128.7,Freeway,Rural,Salt Lake,EV,SUT,1456.617,1542.61822,86.0012200000001,0.059
-333,0071_021.2,Principal Arterial,Urban,Salt Lake,EV,SUT,411.7496,288.58428,-123.16532000000001,-0.299
-677,0080_136.1,Freeway,Rural,Salt Lake,EV,SUT,1626.1532,1737.65172,111.4985200000001,0.069
-325,0089_377.3,Principal Arterial,Urban,Salt Lake,EV,SUT,619.5885,669.5024999999999,49.91399999999999,0.081
-332,0186_006.0,Principal Arterial,Suburban,Salt Lake,EV,SUT,1444.7244,1189.17982,-255.54458,-0.177
-340,0080_117.7,Freeway,Urban,Salt Lake,EV,SUT,2562.8568,1925.5199599999999,-637.3368400000002,-0.249
-409,2330_001.0,Minor Arterial,Urban,Salt Lake,EV,SUT,380.0416,647.03764,266.99604,0.703
-628,0215_027.4,Freeway,Suburban,Davis,EV,SUT,974.8766,503.68462,-471.19198000000006,-0.483
-624,0067_000.0,Freeway,Suburban,Davis,EV,SUT,707.8222000000001,982.2688400000001,274.44664,0.388
-315,0015_319.5,Freeway,Suburban,Davis,EV,SUT,2341.58,1749.42864,-592.1513599999998,-0.253
-625,0067_010.1,Freeway,Suburban,Davis,EV,SUT,1636.7903999999999,1865.74528,228.95488000000023,0.14
-616,0015_313.7,Freeway,Urban,Davis,EV,SUT,3977.1261,3446.9881200000004,-530.1379799999995,-0.133
-711,0154_020.0,Expressway,Urban,Salt Lake,EV,SUT,549.796,485.80316000000005,-63.99284,-0.116
-329,0089_412.4,Principal Arterial,Urban,Weber,EV,SUT,699.9135,247.23855000000003,-452.67494999999997,-0.647
-612,0015_330.1,Freeway,Urban,Davis,EV,SUT,3486.1046,2830.0796699999996,-656.0249300000005,-0.188
-634,0085_015.5,Expressway,Suburban,Salt Lake,EV,SUT,1192.62,1146.96128,-45.6587199999999,-0.038
-627,0154_012.9,Expressway,Suburban,Salt Lake,EV,SUT,2746.8783,1903.4062199999998,-843.47208,-0.307
-643,2932_001.3,Collector,Transition,Utah,EV,SUT,331.142,256.14680000000004,-74.99519999999995,-0.226
-601,0092_007.6,Collector,Transition,Utah,EV,SUT,75.2544,13.96224,-61.29216,-0.814
-602,0092_018.8,Collector,Rural,Utah,EV,SUT,129.4337,6.98896,-122.44473999999998,-0.946
-638,0015_242.4,Freeway,Transition,Utah,AM,CUT,649.878,1012.6291900000001,362.75119000000007,0.558
-650,0006_159.8,Principal Arterial,Suburban,Utah,AM,CUT,103.59989999999999,112.41963,8.819730000000007,0.085
-639,0015_248.8,Freeway,Suburban,Utah,AM,CUT,1086.1407,1427.84886,341.70816000000013,0.315
-655,0015_253.6,Freeway,Rural,Utah,AM,CUT,1361.1716999999999,1692.04371,330.87201000000005,0.243
-653,0156_001.0,Principal Arterial,Urban,Utah,AM,CUT,132.7989,163.21734,30.418440000000004,0.229
-646,0077_007.4,Principal Arterial,Suburban,Utah,AM,CUT,104.77250000000001,108.29350000000001,3.521000000000001,0.034
-664,0089_326.5,Principal Arterial,Suburban,Utah,AM,CUT,0.0,235.44168000000005,235.44168000000005,inf
-312,0006_181.6,Expressway,Rural,Utah,AM,CUT,268.26030000000003,530.3760000000001,262.11570000000006,0.977
-321,0006_146.9,Principal Arterial,Rural,Utah,AM,CUT,26.033800000000003,27.54102,1.5072199999999967,0.058
-327,0006_174.4,Expressway,Suburban,Utah,AM,CUT,413.99910000000006,566.03205,152.03294999999997,0.367
-349,0015_246.9,Freeway,Transition,Utah,AM,CUT,949.2483000000001,1307.94495,358.69665,0.378
-416,0089_297.1,Expressway,Rural,Utah,AM,CUT,27.6433,37.73826,10.094959999999997,0.365
-611,0015_258.8,Freeway,Suburban,Utah,AM,CUT,2004.9282,2562.44472,557.5165199999999,0.278
-815,0080_104.3,Freeway,Transition,Salt Lake,AM,CUT,909.6351,722.30331,-187.33178999999996,-0.206
-348,0015_340.3,Freeway,Suburban,Weber,AM,CUT,2565.1416,2778.1265399999997,212.98493999999982,0.083
-613,0015_357.6,Freeway,Rural,Box Elder,AM,CUT,1342.8748,1762.08428,419.20948,0.312
-820,0154_006.8,Expressway,Suburban,Salt Lake,AM,CUT,295.475,324.70250000000004,29.22750000000002,0.099
-819,0154_008.3,Expressway,Urban,Salt Lake,AM,CUT,344.592,323.6736,-20.918399999999963,-0.061
-657,2889_000.0,Minor Arterial,Suburban,Utah,AM,CUT,239.69600000000003,325.94112,86.24511999999999,0.36
-626,0073_034.6,Principal Arterial,Transition,Utah,AM,CUT,629.2207999999999,746.1292799999999,116.90847999999994,0.186
-631,0266_001.7,Principal Arterial,Urban,Salt Lake,AM,CUT,88.6459,156.21006,67.56416,0.762
-636,0154_001.4,Freeway,Transition,Salt Lake,AM,CUT,420.6816,494.76959999999997,74.08799999999997,0.176
-680,0015_295.6,Freeway,Urban,Salt Lake,AM,CUT,622.5996,2428.40976,1805.81016,2.9
-816,0015_299.0,Freeway,Urban,Salt Lake,AM,CUT,849.428,1488.7912000000001,639.3632000000001,0.753
-648,0194_000.8,Expressway,Suburban,Utah,AM,CUT,857.934,1065.89868,207.96468000000004,0.242
-674,0015_283.9,Freeway,Urban,Utah,AM,CUT,2386.0861999999997,2659.31138,273.22518000000036,0.115
-302,0015_289.8,Freeway,Urban,Salt Lake,AM,CUT,511.25759999999997,2716.12224,2204.8646400000002,4.313
-662,2878_004.4,Minor Arterial,Suburban,Utah,AM,CUT,227.304,397.86515999999995,170.56115999999994,0.75
-673,0015_279.6,Freeway,Suburban,Utah,AM,CUT,2177.3376,2413.20966,235.87206000000015,0.108
-675,0092_002.4,Freeway,Transition,Utah,AM,CUT,58.5684,59.1558,0.5874000000000024,0.01
-676,0092_002.4,Freeway,Transition,Utah,AM,CUT,37.2768,33.64944,-3.627360000000003,-0.097
-818,0215_007.7,Freeway,Urban,Salt Lake,AM,CUT,518.3464,556.3443599999999,37.99795999999992,0.073
-632,0145_005.3,Expressway,Suburban,Utah,AM,CUT,243.0003,247.92392999999998,4.923629999999974,0.02
-672,0015_278.5,Freeway,Urban,Utah,AM,CUT,2319.463,2640.8867600000003,321.42376000000013,0.139
-658,0089_349.3,Principal Arterial,Urban,Utah,AM,CUT,101.465,183.73416000000003,82.26916000000003,0.811
-335,0173_007.7,Minor Arterial,Urban,Salt Lake,AM,CUT,72.7181,71.63735,-1.080750000000009,-0.015
-351,0215_011.5,Freeway,Suburban,Salt Lake,AM,CUT,969.2199999999999,1177.97176,208.75176,0.215
-406,0071_015.7,Principal Arterial,Urban,Salt Lake,AM,CUT,145.6848,181.66648,35.98168000000001,0.247
-407,0068_038.1,Principal Arterial,Transition,Salt Lake,AM,CUT,146.9429,141.53503,-5.407870000000003,-0.037
-617,0215_003.7,Freeway,Suburban,Salt Lake,AM,CUT,230.5152,394.62686999999994,164.11166999999995,0.712
-317,0210_003.9,Principal Arterial,Transition,Salt Lake,AM,CUT,10.229000000000001,14.05619,3.82719,0.374
-670,0015_272.7,Freeway,Suburban,Utah,AM,CUT,3068.8785,3336.29625,267.41775000000007,0.087
-671,0015_272.7,Freeway,Suburban,Utah,AM,CUT,3137.1205,3336.29625,199.17574999999988,0.063
-647,0089_344.0,Principal Arterial,Urban,Utah,AM,CUT,66.7728,94.37328,27.60047999999999,0.413
-651,0114_005.0,Principal Arterial,Urban,Utah,AM,CUT,81.1338,63.22877,-17.905029999999996,-0.221
-641,0015_271.6,Freeway,Urban,Utah,AM,CUT,3019.6023,3399.1292399999998,379.52693999999974,0.126
-669,0015_269.6,Freeway,Urban,Utah,AM,CUT,2572.1367,2706.4596300000003,134.32293000000027,0.052
-642,0052_001.0,Principal Arterial,Urban,Utah,AM,CUT,249.14880000000002,244.99304000000004,-4.155759999999987,-0.017
-306,0015_267.0,Freeway,Suburban,Utah,AM,CUT,2450.435,2112.0645,-338.3705,-0.138
-668,0015_264.2,Freeway,Suburban,Utah,AM,CUT,2128.4595,2238.6348,110.17529999999988,0.052
-649,0114_000.0,Principal Arterial,Urban,Utah,AM,CUT,49.1854,59.61498,10.429580000000001,0.212
-661,0052_003.1,Principal Arterial,Urban,Utah,AM,CUT,182.52859999999998,132.94028999999998,-49.58831000000001,-0.272
-659,0189_002.7,Principal Arterial,Urban,Utah,AM,CUT,218.7091,369.27151000000003,150.56241000000003,0.688
-667,0015_261.8,Freeway,Rural,Utah,AM,CUT,2366.238,2824.7145,458.4765000000002,0.194
-665,0015_260.0,Freeway,Transition,Utah,AM,CUT,2320.4418,2753.77752,433.33572000000004,0.187
-660,0089_329.8,Minor Arterial,Suburban,Utah,AM,CUT,82.9576,134.71656,51.75895999999999,0.624
-319,0189_013.1,Expressway,Rural,Utah,AM,CUT,314.23319999999995,230.4988,-83.73439999999997,-0.266
-322,0190_001.8,Minor Arterial,Transition,Salt Lake,AM,CUT,10.573500000000001,7.306050000000001,-3.26745,-0.309
-350,0189_004.0,Expressway,Suburban,Utah,AM,CUT,88.69120000000001,92.23852000000001,3.547319999999999,0.04
-354,0171_008.8,Principal Arterial,Urban,Salt Lake,AM,CUT,100.8129,196.45416,95.64126,0.949
-629,0015_303.4,Freeway,Urban,Salt Lake,AM,CUT,1515.006,1337.3322000000003,-177.6737999999998,-0.117
-353,0215_017.5,Freeway,Urban,Salt Lake,AM,CUT,1013.0041,1229.41781,216.41370999999992,0.214
-341,0080_123.2,Freeway,Suburban,Salt Lake,AM,CUT,1422.642,1631.51586,208.87385999999992,0.147
-301,0080_128.7,Freeway,Rural,Salt Lake,AM,CUT,1128.9152,1348.87348,219.95828000000006,0.195
-333,0071_021.2,Principal Arterial,Urban,Salt Lake,AM,CUT,38.9032,55.03456,16.13136,0.415
-677,0080_136.1,Freeway,Rural,Salt Lake,AM,CUT,1149.3736,1563.19434,413.8207400000001,0.36
-325,0089_377.3,Principal Arterial,Urban,Salt Lake,AM,CUT,49.95440000000001,121.40756,71.45316,1.43
-332,0186_006.0,Principal Arterial,Suburban,Salt Lake,AM,CUT,247.61520000000002,282.36348,34.748279999999966,0.14
-340,0080_117.7,Freeway,Urban,Salt Lake,AM,CUT,700.8936,756.49221,55.59861000000001,0.079
-409,2330_001.0,Minor Arterial,Urban,Salt Lake,AM,CUT,69.7282,248.1686,178.4404,2.559
-628,0215_027.4,Freeway,Suburban,Davis,AM,CUT,481.54269999999997,483.38168,1.8389800000000491,0.004
-624,0067_000.0,Freeway,Suburban,Davis,AM,CUT,968.8667999999999,1489.55136,520.68456,0.537
-315,0015_319.5,Freeway,Suburban,Davis,AM,CUT,1593.6748,1592.05998,-1.6148200000000088,-0.001
-625,0067_010.1,Freeway,Suburban,Davis,AM,CUT,1138.3745999999999,1514.77201,376.39741000000004,0.331
-616,0015_313.7,Freeway,Urban,Davis,AM,CUT,2501.4808000000003,2487.95456,-13.526240000000143,-0.005
-711,0154_020.0,Expressway,Urban,Salt Lake,AM,CUT,207.63690000000003,241.24425000000002,33.60735,0.162
-329,0089_412.4,Principal Arterial,Urban,Weber,AM,CUT,68.22710000000001,61.3433,-6.883800000000008,-0.101
-612,0015_330.1,Freeway,Urban,Davis,AM,CUT,1998.6816000000001,1963.11716,-35.564440000000104,-0.018
-634,0085_015.5,Expressway,Suburban,Salt Lake,AM,CUT,313.89520000000005,373.85644,59.961239999999975,0.191
-627,0154_012.9,Expressway,Suburban,Salt Lake,AM,CUT,366.4684,291.14462,-75.32378,-0.206
-643,2932_001.3,Collector,Transition,Utah,AM,CUT,95.76480000000001,132.87792000000002,37.11312000000001,0.388
-601,0092_007.6,Collector,Transition,Utah,AM,CUT,2.3349,2.28846,-0.04644000000000004,-0.02
-602,0092_018.8,Collector,Rural,Utah,AM,CUT,2.9290000000000003,3.10575,0.17674999999999974,0.06
-638,0015_242.4,Freeway,Transition,Utah,MD,CUT,1647.4529,1715.70226,68.24936000000002,0.041
-650,0006_159.8,Principal Arterial,Suburban,Utah,MD,CUT,221.2479,202.92345,-18.324449999999985,-0.083
-639,0015_248.8,Freeway,Suburban,Utah,MD,CUT,2236.2866999999997,2426.0174700000002,189.73077000000058,0.085
-655,0015_253.6,Freeway,Rural,Utah,MD,CUT,2605.5813,2821.75404,216.17273999999998,0.083
-653,0156_001.0,Principal Arterial,Urban,Utah,MD,CUT,310.99120000000005,304.17556,-6.81564000000003,-0.022
-646,0077_007.4,Principal Arterial,Suburban,Utah,MD,CUT,216.86,219.43075000000002,2.570750000000004,0.012
-664,0089_326.5,Principal Arterial,Suburban,Utah,MD,CUT,0.0,423.83592,423.83592,inf
-312,0006_181.6,Expressway,Rural,Utah,MD,CUT,808.1766,1026.60096,218.42435999999998,0.27
-321,0006_146.9,Principal Arterial,Rural,Utah,MD,CUT,48.5212,52.97838,4.457180000000001,0.092
-327,0006_174.4,Expressway,Suburban,Utah,MD,CUT,865.6875000000001,1084.3583400000002,218.6708400000001,0.253
-349,0015_246.9,Freeway,Transition,Utah,MD,CUT,2077.0815000000002,2221.46496,144.38345999999956,0.07
-416,0089_297.1,Expressway,Rural,Utah,MD,CUT,55.7285,63.044399999999996,7.315899999999999,0.131
-611,0015_258.8,Freeway,Suburban,Utah,MD,CUT,3722.2416,4476.06324,753.8216400000006,0.203
-815,0080_104.3,Freeway,Transition,Salt Lake,MD,CUT,1132.8756,851.96184,-280.91376,-0.248
-348,0015_340.3,Freeway,Suburban,Weber,MD,CUT,4888.6332,5049.01362,160.3804199999995,0.033
-613,0015_357.6,Freeway,Rural,Box Elder,MD,CUT,2965.4912,3101.28963,135.79843000000028,0.046
-820,0154_006.8,Expressway,Suburban,Salt Lake,MD,CUT,484.45000000000005,599.1225000000001,114.67250000000001,0.237
-819,0154_008.3,Expressway,Urban,Salt Lake,MD,CUT,531.024,611.748,80.72400000000005,0.152
-657,2889_000.0,Minor Arterial,Suburban,Utah,MD,CUT,389.08000000000004,621.03416,231.95416,0.596
-626,0073_034.6,Principal Arterial,Transition,Utah,MD,CUT,1062.6871999999998,1331.581,268.89380000000006,0.253
-631,0266_001.7,Principal Arterial,Urban,Salt Lake,MD,CUT,190.3677,299.70604000000003,109.33834000000002,0.574
-636,0154_001.4,Freeway,Transition,Salt Lake,MD,CUT,632.4191999999999,908.5334399999999,276.11424,0.437
-680,0015_295.6,Freeway,Urban,Salt Lake,MD,CUT,1096.0796,4466.44856,3370.36896,3.075
-816,0015_299.0,Freeway,Urban,Salt Lake,MD,CUT,1817.6634999999999,3014.07145,1196.40795,0.658
-648,0194_000.8,Expressway,Suburban,Utah,MD,CUT,1496.6028,2098.39476,601.7919600000002,0.402
-674,0015_283.9,Freeway,Urban,Utah,MD,CUT,4215.058599999999,5041.56576,826.507160000001,0.196
-302,0015_289.8,Freeway,Urban,Salt Lake,MD,CUT,1192.032,5233.43808,4041.4060799999997,3.39
-662,2878_004.4,Minor Arterial,Suburban,Utah,MD,CUT,401.5704,704.2912799999999,302.7208799999999,0.754
-673,0015_279.6,Freeway,Suburban,Utah,MD,CUT,4066.9962,4608.5496,541.5534000000002,0.133
-675,0092_002.4,Freeway,Transition,Utah,MD,CUT,111.2232,114.94032,3.717119999999994,0.033
-676,0092_002.4,Freeway,Transition,Utah,MD,CUT,95.634,70.80744,-24.82656,-0.26
-818,0215_007.7,Freeway,Urban,Salt Lake,MD,CUT,891.8052,973.56116,81.75595999999996,0.092
-632,0145_005.3,Expressway,Suburban,Utah,MD,CUT,436.1377,471.28514,35.14744000000002,0.081
-672,0015_278.5,Freeway,Urban,Utah,MD,CUT,4238.5998,4838.57876,599.9789600000004,0.142
-658,0089_349.3,Principal Arterial,Urban,Utah,MD,CUT,524.496,395.82946000000004,-128.66653999999994,-0.245
-335,0173_007.7,Minor Arterial,Urban,Salt Lake,MD,CUT,141.2311,140.31279,-0.9183099999999911,-0.007
-351,0215_011.5,Freeway,Suburban,Salt Lake,MD,CUT,1499.7136,2185.23928,685.5256799999997,0.457
-406,0071_015.7,Principal Arterial,Urban,Salt Lake,MD,CUT,286.4384,311.46156,25.02316000000002,0.087
-407,0068_038.1,Principal Arterial,Transition,Salt Lake,MD,CUT,198.1707,231.33396000000002,33.16326000000001,0.167
-617,0215_003.7,Freeway,Suburban,Salt Lake,MD,CUT,440.0199,591.42384,151.40394000000003,0.344
-317,0210_003.9,Principal Arterial,Transition,Salt Lake,MD,CUT,28.139400000000002,34.004670000000004,5.865270000000002,0.208
-670,0015_272.7,Freeway,Suburban,Utah,MD,CUT,5543.3215,6079.9897,536.6682000000001,0.097
-671,0015_272.7,Freeway,Suburban,Utah,MD,CUT,5788.1285,6079.9897,291.8612000000003,0.05
-647,0089_344.0,Principal Arterial,Urban,Utah,MD,CUT,185.328,145.50336,-39.82464000000002,-0.215
-651,0114_005.0,Principal Arterial,Urban,Utah,MD,CUT,186.2608,109.51390999999998,-76.74689000000001,-0.412
-641,0015_271.6,Freeway,Urban,Utah,MD,CUT,5632.2344,6143.332520000001,511.09812000000056,0.091
-669,0015_269.6,Freeway,Urban,Utah,MD,CUT,4685.6425,5004.93784,319.29533999999967,0.068
-642,0052_001.0,Principal Arterial,Urban,Utah,MD,CUT,580.6584,459.36728000000005,-121.29111999999998,-0.209
-306,0015_267.0,Freeway,Suburban,Utah,MD,CUT,4121.715,3846.3620000000005,-275.3529999999996,-0.067
-668,0015_264.2,Freeway,Suburban,Utah,MD,CUT,3775.8869999999997,4028.6277,252.7407000000003,0.067
-649,0114_000.0,Principal Arterial,Urban,Utah,MD,CUT,103.33990000000001,115.69708000000001,12.35718,0.12
-661,0052_003.1,Principal Arterial,Urban,Utah,MD,CUT,397.29609999999997,211.02056,-186.27553999999998,-0.469
-659,0189_002.7,Principal Arterial,Urban,Utah,MD,CUT,604.7393,646.40345,41.66415000000006,0.069
-667,0015_261.8,Freeway,Rural,Utah,MD,CUT,4376.316,5044.1398500000005,667.8238500000007,0.153
-665,0015_260.0,Freeway,Transition,Utah,MD,CUT,4258.5831,4953.8220599999995,695.2389599999997,0.163
-660,0089_329.8,Minor Arterial,Suburban,Utah,MD,CUT,169.5452,202.36282,32.817620000000005,0.194
-319,0189_013.1,Expressway,Rural,Utah,MD,CUT,621.7432,398.58644,-223.15676000000002,-0.359
-322,0190_001.8,Minor Arterial,Transition,Salt Lake,MD,CUT,36.713100000000004,16.10511,-20.607990000000004,-0.561
-350,0189_004.0,Expressway,Suburban,Utah,MD,CUT,205.06560000000002,158.71428000000003,-46.35131999999999,-0.226
-354,0171_008.8,Principal Arterial,Urban,Salt Lake,MD,CUT,220.4124,354.59601000000004,134.18361000000004,0.609
-629,0015_303.4,Freeway,Urban,Salt Lake,MD,CUT,2893.1620000000003,2730.2204000000006,-162.94159999999965,-0.056
-353,0215_017.5,Freeway,Urban,Salt Lake,MD,CUT,1406.9874,2206.3100099999997,799.3226099999997,0.568
-341,0080_123.2,Freeway,Suburban,Salt Lake,MD,CUT,2642.484,2820.1215899999997,177.63758999999982,0.067
-301,0080_128.7,Freeway,Rural,Salt Lake,MD,CUT,2110.472,2058.36136,-52.11064000000033,-0.025
-333,0071_021.2,Principal Arterial,Urban,Salt Lake,MD,CUT,87.3656,94.12648,6.76088,0.077
-677,0080_136.1,Freeway,Rural,Salt Lake,MD,CUT,2248.9298,2354.05082,105.12102000000004,0.047
-325,0089_377.3,Principal Arterial,Urban,Salt Lake,MD,CUT,159.83440000000002,237.81640000000002,77.982,0.488
-332,0186_006.0,Principal Arterial,Suburban,Salt Lake,MD,CUT,483.084,398.86812000000003,-84.21587999999997,-0.174
-340,0080_117.7,Freeway,Urban,Salt Lake,MD,CUT,1220.3922,1221.83085,1.4386500000000524,0.001
-409,2330_001.0,Minor Arterial,Urban,Salt Lake,MD,CUT,191.4646,491.51736,300.05276000000003,1.567
-628,0215_027.4,Freeway,Suburban,Davis,MD,CUT,757.7112,856.54673,98.83553000000006,0.13
-624,0067_000.0,Freeway,Suburban,Davis,MD,CUT,1183.7133,2932.02789,1748.31459,1.477
-315,0015_319.5,Freeway,Suburban,Davis,MD,CUT,2877.483,3064.40236,186.91935999999987,0.065
-625,0067_010.1,Freeway,Suburban,Davis,MD,CUT,1444.3539,2911.87808,1467.52418,1.016
-616,0015_313.7,Freeway,Urban,Davis,MD,CUT,4299.8592,4911.29912,611.4399199999998,0.142
-711,0154_020.0,Expressway,Urban,Salt Lake,MD,CUT,322.15840000000003,432.06272,109.90431999999998,0.341
-329,0089_412.4,Principal Arterial,Urban,Weber,MD,CUT,183.4637,111.00350999999999,-72.46019,-0.395
-612,0015_330.1,Freeway,Urban,Davis,MD,CUT,3706.9583000000002,3837.23053,130.27222999999958,0.035
-634,0085_015.5,Expressway,Suburban,Salt Lake,MD,CUT,376.1956,691.1098400000001,314.91424000000006,0.837
-627,0154_012.9,Expressway,Suburban,Salt Lake,MD,CUT,499.7278,555.80704,56.07924000000003,0.112
-643,2932_001.3,Collector,Transition,Utah,MD,CUT,261.0528,248.32392,-12.728880000000004,-0.049
-601,0092_007.6,Collector,Transition,Utah,MD,CUT,13.6224,5.4825,-8.1399,-0.598
-602,0092_018.8,Collector,Rural,Utah,MD,CUT,45.551,3.6461000000000006,-41.9049,-0.92
-638,0015_242.4,Freeway,Transition,Utah,PM,CUT,1010.5968,1169.46398,158.86717999999996,0.157
-650,0006_159.8,Principal Arterial,Suburban,Utah,PM,CUT,174.96269999999998,133.72398,-41.23871999999997,-0.236
-639,0015_248.8,Freeway,Suburban,Utah,PM,CUT,1548.1485,1643.1709199999998,95.02241999999978,0.061
-655,0015_253.6,Freeway,Rural,Utah,PM,CUT,1906.884,1952.42418,45.540179999999964,0.024
-653,0156_001.0,Principal Arterial,Urban,Utah,PM,CUT,204.71230000000003,196.58834000000002,-8.123960000000011,-0.04
-646,0077_007.4,Principal Arterial,Suburban,Utah,PM,CUT,148.1725,142.72475,-5.447750000000013,-0.037
-664,0089_326.5,Principal Arterial,Suburban,Utah,PM,CUT,0.0,294.9056,294.9056,inf
-312,0006_181.6,Expressway,Rural,Utah,PM,CUT,452.59830000000005,545.5434600000001,92.94516000000004,0.205
-321,0006_146.9,Principal Arterial,Rural,Utah,PM,CUT,38.7686,30.547400000000003,-8.221199999999996,-0.212
-327,0006_174.4,Expressway,Suburban,Utah,PM,CUT,610.7562,671.4600300000001,60.70383000000004,0.099
-349,0015_246.9,Freeway,Transition,Utah,PM,CUT,1412.9583,1507.56645,94.60815000000002,0.067
-416,0089_297.1,Expressway,Rural,Utah,PM,CUT,40.262,41.45513,1.1931299999999965,0.03
-611,0015_258.8,Freeway,Suburban,Utah,PM,CUT,2715.8571,2837.28258,121.42547999999988,0.045
-815,0080_104.3,Freeway,Transition,Salt Lake,PM,CUT,910.5303,807.82848,-102.70182,-0.113
-348,0015_340.3,Freeway,Suburban,Weber,PM,CUT,3570.6204,3185.4625199999996,-385.1578800000002,-0.108
-613,0015_357.6,Freeway,Rural,Box Elder,PM,CUT,1957.3278,1803.13895,-154.18885,-0.079
-820,0154_006.8,Expressway,Suburban,Salt Lake,PM,CUT,399.07500000000005,373.6025,-25.472500000000025,-0.064
-819,0154_008.3,Expressway,Urban,Salt Lake,PM,CUT,419.568,381.7128,-37.85519999999997,-0.09
-657,2889_000.0,Minor Arterial,Suburban,Utah,PM,CUT,305.41360000000003,409.98808,104.57448,0.342
-626,0073_034.6,Principal Arterial,Transition,Utah,PM,CUT,788.0296,890.9474399999999,102.91783999999996,0.131
-631,0266_001.7,Principal Arterial,Urban,Salt Lake,PM,CUT,128.6522,196.57589000000002,67.92369000000002,0.528
-636,0154_001.4,Freeway,Transition,Salt Lake,PM,CUT,510.3648,638.2511999999999,127.88639999999992,0.251
-680,0015_295.6,Freeway,Urban,Salt Lake,PM,CUT,662.872,2599.6711999999998,1936.7992,2.922
-816,0015_299.0,Freeway,Urban,Salt Lake,PM,CUT,518.7015,1799.5011,1280.7995999999998,2.469
-648,0194_000.8,Expressway,Suburban,Utah,PM,CUT,1018.3403999999999,1258.78368,240.44328000000007,0.236
-674,0015_283.9,Freeway,Urban,Utah,PM,CUT,2911.6738,2958.3461599999996,46.67235999999957,0.016
-302,0015_289.8,Freeway,Urban,Salt Lake,PM,CUT,561.6576,3031.7299199999998,2470.0723199999998,4.398
-662,2878_004.4,Minor Arterial,Suburban,Utah,PM,CUT,307.22999999999996,463.03488,155.80488000000003,0.507
-673,0015_279.6,Freeway,Suburban,Utah,PM,CUT,2794.7814,2670.9342,-123.8471999999997,-0.044
-675,0092_002.4,Freeway,Transition,Utah,PM,CUT,78.7512,66.363,-12.388199999999998,-0.157
-676,0092_002.4,Freeway,Transition,Utah,PM,CUT,69.9996,50.51904,-19.480560000000004,-0.278
-818,0215_007.7,Freeway,Urban,Salt Lake,PM,CUT,568.9684,698.77522,129.80682000000002,0.228
-632,0145_005.3,Expressway,Suburban,Utah,PM,CUT,321.4699,295.97451,-25.495389999999986,-0.079
-672,0015_278.5,Freeway,Urban,Utah,PM,CUT,2864.2994000000003,2929.1771800000006,64.87778000000026,0.023
-658,0089_349.3,Principal Arterial,Urban,Utah,PM,CUT,321.789,273.54072,-48.248279999999966,-0.15
-335,0173_007.7,Minor Arterial,Urban,Salt Lake,PM,CUT,109.60770000000001,99.63205,-9.975650000000002,-0.091
-351,0215_011.5,Freeway,Suburban,Salt Lake,PM,CUT,1188.9751999999999,1424.1673600000001,235.19216000000029,0.198
-406,0071_015.7,Principal Arterial,Urban,Salt Lake,PM,CUT,222.49360000000001,228.22343999999998,5.729839999999967,0.026
-407,0068_038.1,Principal Arterial,Transition,Salt Lake,PM,CUT,164.0704,180.44429,16.37388999999999,0.1
-617,0215_003.7,Freeway,Suburban,Salt Lake,PM,CUT,364.7133,468.63351,103.92021,0.285
-317,0210_003.9,Principal Arterial,Transition,Salt Lake,PM,CUT,21.7318,22.52503,0.7932300000000012,0.037
-670,0015_272.7,Freeway,Suburban,Utah,PM,CUT,3788.2504999999996,3665.9289499999995,-122.32155000000012,-0.032
-671,0015_272.7,Freeway,Suburban,Utah,PM,CUT,3920.4134999999997,3665.9289499999995,-254.48455000000013,-0.065
-647,0089_344.0,Principal Arterial,Urban,Utah,PM,CUT,131.0112,119.5128,-11.498400000000004,-0.088
-651,0114_005.0,Principal Arterial,Urban,Utah,PM,CUT,146.75979999999998,88.09976999999999,-58.66002999999999,-0.4
-641,0015_271.6,Freeway,Urban,Utah,PM,CUT,3784.378,3722.0439100000003,-62.33408999999983,-0.016
-669,0015_269.6,Freeway,Urban,Utah,PM,CUT,3322.1223,2995.9125,-326.2098000000001,-0.098
-642,0052_001.0,Principal Arterial,Urban,Utah,PM,CUT,389.69680000000005,301.14336000000003,-88.55344000000002,-0.227
-306,0015_267.0,Freeway,Suburban,Utah,PM,CUT,2898.675,2397.2065,-501.4685000000004,-0.173
-668,0015_264.2,Freeway,Suburban,Utah,PM,CUT,2772.8955,2529.5796,-243.31590000000006,-0.088
-649,0114_000.0,Principal Arterial,Urban,Utah,PM,CUT,67.8215,72.74715,4.9256500000000045,0.073
-661,0052_003.1,Principal Arterial,Urban,Utah,PM,CUT,274.0465,167.77858999999998,-106.26791,-0.388
-659,0189_002.7,Principal Arterial,Urban,Utah,PM,CUT,390.9918,431.09658999999994,40.10478999999992,0.103
-667,0015_261.8,Freeway,Rural,Utah,PM,CUT,3192.6405,3181.58205,-11.058449999999993,-0.003
-665,0015_260.0,Freeway,Transition,Utah,PM,CUT,3092.7984,3108.52878,15.730379999999968,0.005
-660,0089_329.8,Minor Arterial,Suburban,Utah,PM,CUT,138.3756,165.11417999999998,26.738579999999985,0.193
-319,0189_013.1,Expressway,Rural,Utah,PM,CUT,467.64439999999996,262.37287999999995,-205.27152,-0.439
-322,0190_001.8,Minor Arterial,Transition,Salt Lake,PM,CUT,25.090200000000003,10.0965,-14.993700000000002,-0.598
-350,0189_004.0,Expressway,Suburban,Utah,PM,CUT,143.8444,123.22632000000002,-20.618079999999992,-0.143
-354,0171_008.8,Principal Arterial,Urban,Salt Lake,PM,CUT,155.6817,258.04311,102.36141,0.658
-629,0015_303.4,Freeway,Urban,Salt Lake,PM,CUT,1722.576,1615.4794000000002,-107.09659999999985,-0.062
-353,0215_017.5,Freeway,Urban,Salt Lake,PM,CUT,1292.6154,1398.1341599999998,105.51875999999993,0.082
-341,0080_123.2,Freeway,Suburban,Salt Lake,PM,CUT,1816.9359000000002,1891.7792399999998,74.84333999999967,0.041
-301,0080_128.7,Freeway,Rural,Salt Lake,PM,CUT,1424.5240000000001,1399.5034,-25.02060000000006,-0.018
-333,0071_021.2,Principal Arterial,Urban,Salt Lake,PM,CUT,56.4592,70.6132,14.154000000000003,0.251
-677,0080_136.1,Freeway,Rural,Salt Lake,PM,CUT,1593.0007,1612.5493,19.54859999999985,0.012
-325,0089_377.3,Principal Arterial,Urban,Salt Lake,PM,CUT,106.3212,151.67376000000002,45.35256000000001,0.427
-332,0186_006.0,Principal Arterial,Suburban,Salt Lake,PM,CUT,310.7916,345.84984000000003,35.05824000000001,0.113
-340,0080_117.7,Freeway,Urban,Salt Lake,PM,CUT,853.8492,952.32375,98.47455000000002,0.115
-409,2330_001.0,Minor Arterial,Urban,Salt Lake,PM,CUT,138.3932,325.83536,187.44215999999997,1.354
-628,0215_027.4,Freeway,Suburban,Davis,PM,CUT,621.5880999999999,594.09985,-27.488249999999994,-0.044
-624,0067_000.0,Freeway,Suburban,Davis,PM,CUT,1103.1338999999998,1708.95318,605.8192800000002,0.549
-315,0015_319.5,Freeway,Suburban,Davis,PM,CUT,1994.6446,1779.26338,-215.38121999999998,-0.108
-625,0067_010.1,Freeway,Suburban,Davis,PM,CUT,1308.4628,1679.03773,370.57493,0.283
-616,0015_313.7,Freeway,Urban,Davis,PM,CUT,3022.1464,2893.21032,-128.93607999999995,-0.043
-711,0154_020.0,Expressway,Urban,Salt Lake,PM,CUT,194.3574,307.88464000000005,113.52724000000003,0.584
-329,0089_412.4,Principal Arterial,Urban,Weber,PM,CUT,121.0178,89.24802,-31.769779999999997,-0.263
-612,0015_330.1,Freeway,Urban,Davis,PM,CUT,2593.7514,2117.38897,-476.36243000000013,-0.184
-634,0085_015.5,Expressway,Suburban,Salt Lake,PM,CUT,369.67220000000003,436.48108,66.80887999999999,0.181
-627,0154_012.9,Expressway,Suburban,Salt Lake,PM,CUT,444.8444,340.90126,-103.94314000000003,-0.234
-643,2932_001.3,Collector,Transition,Utah,PM,CUT,183.3504,167.92352000000002,-15.426879999999983,-0.084
-601,0092_007.6,Collector,Transition,Utah,PM,CUT,10.6167,3.4043099999999997,-7.21239,-0.679
-602,0092_018.8,Collector,Rural,Utah,PM,CUT,36.663000000000004,5.2015,-31.461500000000004,-0.858
-638,0015_242.4,Freeway,Transition,Utah,EV,CUT,1248.8854000000001,1102.24907,-146.63633000000004,-0.117
-650,0006_159.8,Principal Arterial,Suburban,Utah,EV,CUT,193.1517,117.17199,-75.97971000000001,-0.393
-639,0015_248.8,Freeway,Suburban,Utah,EV,CUT,1761.4995,1508.8897499999998,-252.60975000000008,-0.143
-655,0015_253.6,Freeway,Rural,Utah,EV,CUT,2051.1834,1729.1351699999998,-322.0482300000001,-0.157
-653,0156_001.0,Principal Arterial,Urban,Utah,EV,CUT,210.7014,188.00028,-22.701120000000003,-0.108
-646,0077_007.4,Principal Arterial,Suburban,Utah,EV,CUT,177.10000000000002,129.99525000000003,-47.104749999999996,-0.266
-664,0089_326.5,Principal Arterial,Suburban,Utah,EV,CUT,6.0776,252.1636,246.086,40.491
-312,0006_181.6,Expressway,Rural,Utah,EV,CUT,535.0653,564.26832,29.203020000000038,0.055
-321,0006_146.9,Principal Arterial,Rural,Utah,EV,CUT,39.9776,27.5652,-12.412400000000002,-0.31
-327,0006_174.4,Expressway,Suburban,Utah,EV,CUT,724.7718000000001,674.53641,-50.23539000000005,-0.069
-349,0015_246.9,Freeway,Transition,Utah,EV,CUT,1654.5399,1393.7878500000002,-260.7520499999998,-0.158
-416,0089_297.1,Expressway,Rural,Utah,EV,CUT,42.4715,36.54022,-5.931280000000001,-0.14
-611,0015_258.8,Freeway,Suburban,Utah,EV,CUT,2944.6659,2546.66511,-398.00079000000005,-0.135
-815,0080_104.3,Freeway,Transition,Salt Lake,EV,CUT,1066.6308,571.82019,-494.8106099999999,-0.464
-348,0015_340.3,Freeway,Suburban,Weber,EV,CUT,3841.161,2971.1673,-869.9937,-0.226
-613,0015_357.6,Freeway,Rural,Box Elder,EV,CUT,2328.8776,1806.50621,-522.3713899999998,-0.224
-820,0154_006.8,Expressway,Suburban,Salt Lake,EV,CUT,486.175,304.6125,-181.5625,-0.373
-819,0154_008.3,Expressway,Urban,Salt Lake,EV,CUT,506.37600000000003,331.7856,-174.59040000000005,-0.345
-657,2889_000.0,Minor Arterial,Suburban,Utah,EV,CUT,377.0384,381.28136,4.242959999999982,0.011
-626,0073_034.6,Principal Arterial,Transition,Utah,EV,CUT,946.8384,829.10652,-117.73187999999993,-0.124
-631,0266_001.7,Principal Arterial,Urban,Salt Lake,EV,CUT,142.7586,217.15612,74.39751999999999,0.521
-636,0154_001.4,Freeway,Transition,Salt Lake,EV,CUT,512.928,482.75712000000004,-30.170879999999954,-0.059
-680,0015_295.6,Freeway,Urban,Salt Lake,EV,CUT,757.9936,3089.61128,2331.6176800000003,3.076
-816,0015_299.0,Freeway,Urban,Salt Lake,EV,CUT,1976.5114999999998,2162.32935,185.81785000000013,0.094
-648,0194_000.8,Expressway,Suburban,Utah,EV,CUT,1318.1784,1701.42588,383.24748,0.291
-674,0015_283.9,Freeway,Urban,Utah,EV,CUT,3354.5688,2898.2143199999996,-456.3544800000004,-0.136
-302,0015_289.8,Freeway,Urban,Salt Lake,EV,CUT,2480.544,3173.2416,692.6976,0.279
-662,2878_004.4,Minor Arterial,Suburban,Utah,EV,CUT,362.20799999999997,686.00532,323.79732,0.894
-673,0015_279.6,Freeway,Suburban,Utah,EV,CUT,3184.6776,2357.91102,-826.76658,-0.26
-675,0092_002.4,Freeway,Transition,Utah,EV,CUT,83.094,88.33704,5.243040000000008,0.063
-676,0092_002.4,Freeway,Transition,Utah,EV,CUT,62.7924,42.13572,-20.65668,-0.329
-818,0215_007.7,Freeway,Urban,Salt Lake,EV,CUT,614.6712,441.17787999999996,-173.49332000000004,-0.282
-632,0145_005.3,Expressway,Suburban,Utah,EV,CUT,354.029,300.65473,-53.374270000000024,-0.151
-672,0015_278.5,Freeway,Urban,Utah,EV,CUT,3330.2592000000004,2451.74442,-878.5147800000004,-0.264
-658,0089_349.3,Principal Arterial,Urban,Utah,EV,CUT,318.8008,193.6086,-125.19219999999999,-0.393
-335,0173_007.7,Minor Arterial,Urban,Salt Lake,EV,CUT,106.8174,78.87903,-27.938370000000006,-0.262
-351,0215_011.5,Freeway,Suburban,Salt Lake,EV,CUT,1215.7488,997.47928,-218.26952000000006,-0.18
-406,0071_015.7,Principal Arterial,Urban,Salt Lake,EV,CUT,203.01000000000002,158.95616,-44.05384000000001,-0.217
-407,0068_038.1,Principal Arterial,Transition,Salt Lake,EV,CUT,167.3854,96.83999,-70.54541,-0.421
-617,0215_003.7,Freeway,Suburban,Salt Lake,EV,CUT,323.41679999999997,266.3883,-57.02849999999995,-0.176
-317,0210_003.9,Principal Arterial,Transition,Salt Lake,EV,CUT,12.738000000000001,17.10559,4.367589999999998,0.343
-670,0015_272.7,Freeway,Suburban,Utah,EV,CUT,4513.657,3302.8383,-1210.8187000000003,-0.268
-671,0015_272.7,Freeway,Suburban,Utah,EV,CUT,4564.913,3302.8383,-1262.0746999999997,-0.276
-647,0089_344.0,Principal Arterial,Urban,Utah,EV,CUT,125.42399999999999,69.00912,-56.41488,-0.45
-651,0114_005.0,Principal Arterial,Urban,Utah,EV,CUT,170.4604,46.09703999999999,-124.36336,-0.73
-641,0015_271.6,Freeway,Urban,Utah,EV,CUT,4587.8872,3380.65988,-1207.22732,-0.263
-669,0015_269.6,Freeway,Urban,Utah,EV,CUT,3963.3713,2737.7161,-1225.6551999999997,-0.309
-642,0052_001.0,Principal Arterial,Urban,Utah,EV,CUT,423.1856,254.25904000000003,-168.92656,-0.399
-306,0015_267.0,Freeway,Suburban,Utah,EV,CUT,3557.4500000000003,2026.505,-1530.9450000000002,-0.43
-668,0015_264.2,Freeway,Suburban,Utah,EV,CUT,2975.9265,2153.0236499999996,-822.9028500000004,-0.277
-649,0114_000.0,Principal Arterial,Urban,Utah,EV,CUT,88.45630000000001,74.39272,-14.063580000000016,-0.159
-661,0052_003.1,Principal Arterial,Urban,Utah,EV,CUT,263.74399999999997,113.74277,-150.00122999999996,-0.569
-659,0189_002.7,Principal Arterial,Urban,Utah,EV,CUT,586.0447,470.47928999999993,-115.5654100000001,-0.197
-667,0015_261.8,Freeway,Rural,Utah,EV,CUT,3415.956,2827.6798500000004,-588.2761499999997,-0.172
-665,0015_260.0,Freeway,Transition,Utah,EV,CUT,3328.9227,2805.89178,-523.0309200000002,-0.157
-660,0089_329.8,Minor Arterial,Suburban,Utah,EV,CUT,128.8892,122.00913999999999,-6.88006,-0.053
-319,0189_013.1,Expressway,Rural,Utah,EV,CUT,405.2256,242.39427999999998,-162.83132,-0.402
-322,0190_001.8,Minor Arterial,Transition,Salt Lake,EV,CUT,18.746100000000002,6.76386,-11.982240000000001,-0.639
-350,0189_004.0,Expressway,Suburban,Utah,EV,CUT,151.50320000000002,87.10204000000002,-64.40116,-0.425
-354,0171_008.8,Principal Arterial,Urban,Salt Lake,EV,CUT,157.1727,233.58432,76.41162,0.486
-629,0015_303.4,Freeway,Urban,Salt Lake,EV,CUT,2233.2560000000003,2040.4930000000002,-192.76300000000015,-0.086
-353,0215_017.5,Freeway,Urban,Salt Lake,EV,CUT,1221.733,1029.85279,-191.88021000000003,-0.157
-341,0080_123.2,Freeway,Suburban,Salt Lake,EV,CUT,1906.5735,1703.2310100000002,-203.34248999999977,-0.107
-301,0080_128.7,Freeway,Rural,Salt Lake,EV,CUT,1303.212,1380.1559200000002,76.94392000000016,0.059
-333,0071_021.2,Principal Arterial,Urban,Salt Lake,EV,CUT,64.7696,45.39528,-19.374319999999997,-0.299
-677,0080_136.1,Freeway,Rural,Salt Lake,EV,CUT,1497.8852,1600.5889200000001,102.7037200000002,0.069
-325,0089_377.3,Principal Arterial,Urban,Salt Lake,EV,CUT,114.81640000000002,124.06600000000002,9.249600000000001,0.081
-332,0186_006.0,Principal Arterial,Suburban,Salt Lake,EV,CUT,310.1112,255.25835999999998,-54.852840000000015,-0.177
-340,0080_117.7,Freeway,Urban,Salt Lake,EV,CUT,1031.5746,775.0403699999999,-256.53423,-0.249
-409,2330_001.0,Minor Arterial,Urban,Salt Lake,EV,CUT,160.1888,272.72852,112.53972000000002,0.703
-628,0215_027.4,Freeway,Suburban,Davis,EV,CUT,643.5786999999999,332.51459,-311.0641099999999,-0.483
-624,0067_000.0,Freeway,Suburban,Davis,EV,CUT,1048.5848999999998,1455.1567799999998,406.57187999999996,0.388
-315,0015_319.5,Freeway,Suburban,Davis,EV,CUT,2168.435,1620.0694799999999,-548.3655200000001,-0.253
-625,0067_010.1,Freeway,Suburban,Davis,EV,CUT,1266.9876,1444.21432,177.2267200000001,0.14
-616,0015_313.7,Freeway,Urban,Davis,EV,CUT,3316.5496000000003,2874.46432,-442.08528000000024,-0.133
-711,0154_020.0,Expressway,Urban,Salt Lake,EV,CUT,321.659,284.21989,-37.43910999999997,-0.116
-329,0089_412.4,Principal Arterial,Urban,Weber,EV,CUT,123.4167,43.59591,-79.82079,-0.647
-612,0015_330.1,Freeway,Urban,Davis,EV,CUT,2900.3414000000002,2354.54703,-545.7943700000001,-0.188
-634,0085_015.5,Expressway,Suburban,Salt Lake,EV,CUT,413.985,398.13584000000003,-15.849159999999983,-0.038
-627,0154_012.9,Expressway,Suburban,Salt Lake,EV,CUT,488.0118,338.16011999999995,-149.85168000000004,-0.307
-643,2932_001.3,Collector,Transition,Utah,EV,CUT,173.3536,134.09344000000002,-39.260159999999985,-0.226
-601,0092_007.6,Collector,Transition,Utah,EV,CUT,11.2359,2.08464,-9.15126,-0.814
-602,0092_018.8,Collector,Rural,Utah,EV,CUT,28.431500000000003,1.5352000000000001,-26.896300000000004,-0.946
